path,loc,username
go,76,MomentoSystems
md,3,MomentoSystems
php,4,MomentoSystems
html,524,Aldengr123
js,27,Aldengr123
md,2,Aldengr123
php,34,Aldengr123
0,12048,Thiagolourenco
0,13,Thiagolourenco
1,3,Thiagolourenco
10,0,Thiagolourenco
11,0,Thiagolourenco
114,1,Thiagolourenco
12,1,Thiagolourenco
16,1,Thiagolourenco
2,6,Thiagolourenco
3,1,Thiagolourenco
4,0,Thiagolourenco
42,2,Thiagolourenco
46,0,Thiagolourenco
5,1,Thiagolourenco
6,1,Thiagolourenco
7,3,Thiagolourenco
8,1,Thiagolourenco
APACHE2,45,Thiagolourenco
BSD,166,Thiagolourenco
DS_Store,0,Thiagolourenco
MIT,72,Thiagolourenco
Procfile,7,Thiagolourenco
ace,42,Thiagolourenco
android/app/BUCK,120,Thiagolourenco
android/gradlew,360,Thiagolourenco
android/keystores/BUCK,8,Thiagolourenco
assign/LICENSE,21,Thiagolourenco
babelrc,15,Thiagolourenco
bat,184,Thiagolourenco
bin/acorn,4,Thiagolourenco
bin/eslint,2,Thiagolourenco
bin/esparse,3,Thiagolourenco
bin/esvalidate,3,Thiagolourenco
bin/mime,2,Thiagolourenco
bin/mkdirp,7,Thiagolourenco
bin/nodemon,1,Thiagolourenco
bin/nodetouch,2,Thiagolourenco
bin/nopt,2,Thiagolourenco
bin/rc,4,Thiagolourenco
bin/rimraf,3,Thiagolourenco
bin/semver,11,Thiagolourenco
bin/sucrase,1,Thiagolourenco
bin/which,3,Thiagolourenco
bnf,80,Thiagolourenco
buckconfig,12,Thiagolourenco
bzl,19,Thiagolourenco
c,197,Thiagolourenco
cc,6845,Thiagolourenco
cpp,5180,Thiagolourenco
css,271,Thiagolourenco
def,1084,Thiagolourenco
edge,9,Thiagolourenco
editorconfig,341,Thiagolourenco
entries/LICENSE,22,Thiagolourenco
error,2,Thiagolourenco
eslintignore,2,Thiagolourenco
eslintrc,424,Thiagolourenco
esprima,57,Thiagolourenco
example,38,Thiagolourenco
exe,0,Thiagolourenco
flow,2407,Thiagolourenco
flowconfig,145,Thiagolourenco
gitattributes,3,Thiagolourenco
gitignore,191,Thiagolourenco
gitkeep,0,Thiagolourenco
gradle,35,Thiagolourenco
gyp,242,Thiagolourenco
h,164236,Thiagolourenco
header,48,Thiagolourenco
html,380,Thiagolourenco
ico,0,Thiagolourenco
ignore,0,Thiagolourenco
info,446,Thiagolourenco
ios/Podfile,53,Thiagolourenco
jar,0,Thiagolourenco
java,147,Thiagolourenco
jpeg,0,Thiagolourenco
jpg,0,Thiagolourenco
js,744150,Thiagolourenco
js/LICENSE,19,Thiagolourenco
jscsrc,26,Thiagolourenco
jshintrc,188,Thiagolourenco
json,86097,Thiagolourenco
jst,3682,Thiagolourenco
keystore,0,Thiagolourenco
lock,16152,Thiagolourenco
log,1451,Thiagolourenco
m,249,Thiagolourenco
map,2336,Thiagolourenco
markdown,1629,Thiagolourenco
md,125179,Thiagolourenco
md~,140,Thiagolourenco
mem,0,Thiagolourenco
mjs,40121,Thiagolourenco
node,0,Thiagolourenco
node_modules/@babel/highlight/LICENSE,44,Thiagolourenco
node_modules/abbrev/LICENSE,46,Thiagolourenco
node_modules/accepts/LICENSE,23,Thiagolourenco
node_modules/acorn/LICENSE,38,Thiagolourenco
node_modules/acorn/bin/acorn,8,Thiagolourenco
node_modules/ajv/LICENSE,44,Thiagolourenco
node_modules/ajv/scripts/info,20,Thiagolourenco
node_modules/anymatch/LICENSE,15,Thiagolourenco
node_modules/aproba/LICENSE,14,Thiagolourenco
node_modules/argparse/LICENSE,42,Thiagolourenco
node_modules/bl/node_modules/isarray/Makefile,6,Thiagolourenco
node_modules/bl/node_modules/string_decoder/LICENSE,48,Thiagolourenco
node_modules/bluebird/LICENSE,21,Thiagolourenco
node_modules/boxen/license,9,Thiagolourenco
node_modules/braces/LICENSE,21,Thiagolourenco
node_modules/buffer/LICENSE,21,Thiagolourenco
node_modules/busboy/LICENSE,38,Thiagolourenco
node_modules/busboy/node_modules/string_decoder/LICENSE,40,Thiagolourenco
node_modules/bytes/LICENSE,23,Thiagolourenco
node_modules/callsites/license,18,Thiagolourenco
node_modules/camelcase/license,21,Thiagolourenco
node_modules/chalk/license,9,Thiagolourenco
node_modules/chardet/LICENSE,38,Thiagolourenco
node_modules/chokidar/LICENSE,21,Thiagolourenco
node_modules/chownr/LICENSE,15,Thiagolourenco
node_modules/color/LICENSE,21,Thiagolourenco
node_modules/commander/LICENSE,22,Thiagolourenco
node_modules/configstore/license,9,Thiagolourenco
node_modules/cookie/LICENSE,24,Thiagolourenco
node_modules/cors/LICENSE,22,Thiagolourenco
node_modules/debug/LICENSE,19,Thiagolourenco
node_modules/debug/Makefile,50,Thiagolourenco
node_modules/delegates/License,20,Thiagolourenco
node_modules/delegates/Makefile,8,Thiagolourenco
node_modules/denque/LICENSE,13,Thiagolourenco
node_modules/depd/LICENSE,22,Thiagolourenco
node_modules/destroy/LICENSE,22,Thiagolourenco
node_modules/dicer/LICENSE,38,Thiagolourenco
node_modules/dicer/node_modules/string_decoder/LICENSE,40,Thiagolourenco
node_modules/dicer/test/fixtures/many/original,64,Thiagolourenco
node_modules/dicer/test/fixtures/many/part1,2,Thiagolourenco
node_modules/dicer/test/fixtures/many/part2,0,Thiagolourenco
node_modules/dicer/test/fixtures/many/part3,0,Thiagolourenco
node_modules/dicer/test/fixtures/many/part4,0,Thiagolourenco
node_modules/dicer/test/fixtures/many/part5,6,Thiagolourenco
node_modules/dicer/test/fixtures/many/part6,0,Thiagolourenco
node_modules/dicer/test/fixtures/many/part7,2,Thiagolourenco
node_modules/dicer/test/fixtures/nested/original,42,Thiagolourenco
node_modules/dicer/test/fixtures/nested/part1,2,Thiagolourenco
node_modules/dicer/test/fixtures/nested/part2,24,Thiagolourenco
node_modules/doctrine/LICENSE,354,Thiagolourenco
node_modules/encodeurl/LICENSE,22,Thiagolourenco
node_modules/eslint/LICENSE,38,Thiagolourenco
node_modules/eslint/node_modules/debug/LICENSE,38,Thiagolourenco
node_modules/eslint/node_modules/semver/LICENSE,30,Thiagolourenco
node_modules/espree/LICENSE,44,Thiagolourenco
node_modules/esprima/ChangeLog,470,Thiagolourenco
node_modules/etag/LICENSE,22,Thiagolourenco
node_modules/execa/license,9,Thiagolourenco
node_modules/express/LICENSE,24,Thiagolourenco
node_modules/figures/license,18,Thiagolourenco
node_modules/finalhandler/LICENSE,22,Thiagolourenco
node_modules/flatted/LICENSE,30,Thiagolourenco
node_modules/forwarded/LICENSE,22,Thiagolourenco
node_modules/fresh/LICENSE,23,Thiagolourenco
node_modules/gauge/LICENSE,13,Thiagolourenco
node_modules/glob/LICENSE,21,Thiagolourenco
node_modules/globals/license,18,Thiagolourenco
node_modules/got/license,21,Thiagolourenco
node_modules/ieee754/LICENSE,11,Thiagolourenco
node_modules/inflight/LICENSE,15,Thiagolourenco
node_modules/inherits/LICENSE,16,Thiagolourenco
node_modules/ini/LICENSE,15,Thiagolourenco
node_modules/inquirer/LICENSE,44,Thiagolourenco
node_modules/inquirer/node_modules/chalk/license,9,Thiagolourenco
node_modules/isarray/Makefile,6,Thiagolourenco
node_modules/isexe/LICENSE,15,Thiagolourenco
node_modules/kareem/LICENSE,202,Thiagolourenco
node_modules/kareem/Makefile,5,Thiagolourenco
node_modules/levn/LICENSE,44,Thiagolourenco
node_modules/lodash/LICENSE,47,Thiagolourenco
node_modules/methods/LICENSE,24,Thiagolourenco
node_modules/mime/LICENSE,21,Thiagolourenco
node_modules/minimatch/LICENSE,15,Thiagolourenco
node_modules/minimist/LICENSE,18,Thiagolourenco
node_modules/minipass/LICENSE,15,Thiagolourenco
node_modules/minizlib/LICENSE,26,Thiagolourenco
node_modules/mkdirp/LICENSE,21,Thiagolourenco
node_modules/mpath/LICENSE,22,Thiagolourenco
node_modules/mpath/Makefile,4,Thiagolourenco
node_modules/mquery/LICENSE,22,Thiagolourenco
node_modules/mquery/Makefile,26,Thiagolourenco
node_modules/mquery/node_modules/debug/LICENSE,19,Thiagolourenco
node_modules/mquery/node_modules/debug/Makefile,58,Thiagolourenco
node_modules/multer/LICENSE,34,Thiagolourenco
node_modules/mz/LICENSE,22,Thiagolourenco
node_modules/negotiator/LICENSE,24,Thiagolourenco
node_modules/nodemon/LICENSE,21,Thiagolourenco
node_modules/nodemon/node_modules/debug/LICENSE,19,Thiagolourenco
node_modules/nopt/LICENSE,23,Thiagolourenco
node_modules/npmlog/LICENSE,15,Thiagolourenco
node_modules/once/LICENSE,15,Thiagolourenco
node_modules/onetime/license,18,Thiagolourenco
node_modules/optionator/LICENSE,44,Thiagolourenco
node_modules/parseurl/LICENSE,24,Thiagolourenco
node_modules/picomatch/LICENSE,21,Thiagolourenco
node_modules/pify/license,9,Thiagolourenco
node_modules/pirates/LICENSE,21,Thiagolourenco
node_modules/progress/LICENSE,44,Thiagolourenco
node_modules/progress/Makefile,16,Thiagolourenco
node_modules/pseudomap/LICENSE,15,Thiagolourenco
node_modules/pump/LICENSE,21,Thiagolourenco
node_modules/qs/LICENSE,28,Thiagolourenco
node_modules/readdirp/LICENSE,21,Thiagolourenco
node_modules/regexpp/LICENSE,42,Thiagolourenco
node_modules/require_optional/LICENSE,201,Thiagolourenco
node_modules/rimraf/LICENSE,30,Thiagolourenco
node_modules/saslprep/LICENSE,22,Thiagolourenco
node_modules/semver/LICENSE,15,Thiagolourenco
node_modules/semver/bin/semver,160,Thiagolourenco
node_modules/send/LICENSE,23,Thiagolourenco
node_modules/setprototypeof/LICENSE,13,Thiagolourenco
node_modules/sharp/LICENSE,191,Thiagolourenco
node_modules/sharp/node_modules/semver/LICENSE,15,Thiagolourenco
node_modules/sharp/vendor/include/vips/vips8,57,Thiagolourenco
node_modules/sliced/LICENSE,22,Thiagolourenco
node_modules/statuses/LICENSE,23,Thiagolourenco
node_modules/streamsearch/LICENSE,38,Thiagolourenco
node_modules/string_decoder/LICENSE,68,Thiagolourenco
node_modules/sucrase/LICENSE,21,Thiagolourenco
node_modules/sucrase/bin/sucrase,3,Thiagolourenco
node_modules/table/LICENSE,48,Thiagolourenco
node_modules/tar/LICENSE,15,Thiagolourenco
node_modules/tar/node_modules/mkdirp/LICENSE,21,Thiagolourenco
node_modules/thenify/LICENSE,22,Thiagolourenco
node_modules/tmp/LICENSE,42,Thiagolourenco
node_modules/toidentifier/LICENSE,21,Thiagolourenco
node_modules/touch/LICENSE,15,Thiagolourenco
node_modules/typedarray/LICENSE,70,Thiagolourenco
node_modules/undefsafe/LICENSE,22,Thiagolourenco
node_modules/unpipe/LICENSE,22,Thiagolourenco
node_modules/vary/LICENSE,22,Thiagolourenco
node_modules/which/LICENSE,15,Thiagolourenco
node_modules/which/bin/which,52,Thiagolourenco
node_modules/wordwrap/LICENSE,18,Thiagolourenco
node_modules/wrappy/LICENSE,15,Thiagolourenco
node_modules/write/LICENSE,42,Thiagolourenco
node_modules/xtend/LICENSE,40,Thiagolourenco
node_modules/yallist/LICENSE,15,Thiagolourenco
npmignore,512,Thiagolourenco
nvmrc,1,Thiagolourenco
nycrc,31,Thiagolourenco
out,52,Thiagolourenco
patch,5219,Thiagolourenco
pbxproj,2276,Thiagolourenco
plist,320,Thiagolourenco
png,0,Thiagolourenco
pro,27,Thiagolourenco
properties,39,Thiagolourenco
public/_redirects,1,Thiagolourenco
realpath/LICENSE,43,Thiagolourenco
remy/LICENSE,7,Thiagolourenco
remy/tests/fixtures/out1,10,Thiagolourenco
remy/tests/fixtures/out2,29,Thiagolourenco
sh,61,Thiagolourenco
so,35,Thiagolourenco
svg,8,Thiagolourenco
tar,0,Thiagolourenco
trimleft/LICENSE,22,Thiagolourenco
trimright/LICENSE,22,Thiagolourenco
ts,74221,Thiagolourenco
txt,2335,Thiagolourenco
values/LICENSE,22,Thiagolourenco
watchmanconfig,2,Thiagolourenco
xcscheme,516,Thiagolourenco
xib,84,Thiagolourenco
xml,40,Thiagolourenco
yml,4746,Thiagolourenco
0,245,jeffAntonis
MF,2,jeffAntonis
android/app/BUCK,65,jeffAntonis
android/gradlew,164,jeffAntonis
android/keystores/BUCK,8,jeffAntonis
ap_,0,jeffAntonis
api/Gemfile,2,jeffAntonis
api/Rakefile,6,jeffAntonis
api/bin/bundle,3,jeffAntonis
api/bin/rails,4,jeffAntonis
api/bin/rake,4,jeffAntonis
api/bin/setup,34,jeffAntonis
api/bin/update,29,jeffAntonis
apk,0,jeffAntonis
app/android/app/_BUCK,55,jeffAntonis
app/android/gradlew,183,jeffAntonis
app/ios/Podfile,33,jeffAntonis
babelrc,3,jeffAntonis
backend/db/trofeus,0,jeffAntonis
bat,383,jeffAntonis
bin,0,jeffAntonis
buckconfig,12,jeffAntonis
bzl,38,jeffAntonis
class,0,jeffAntonis
classpath,6,jeffAntonis
css,200,jeffAntonis
d,3,jeffAntonis
dart,338,jeffAntonis
dex,0,jeffAntonis
dill,0,jeffAntonis
editorconfig,26,jeffAntonis
env,2,jeffAntonis
eot,0,jeffAntonis
erb,14,jeffAntonis
eslintignore,12,jeffAntonis
example,3,jeffAntonis
fingerprint,2,jeffAntonis
flat,0,jeffAntonis
flowconfig,47,jeffAntonis
flutter/android/gradlew,160,jeffAntonis
flutter/build/app/intermediates/merged_assets/debug/mergeDebugAssets/out/flutter_assets/LICENSE,0,jeffAntonis
flutter/build/app/intermediates/merged_assets/debug/mergeDebugAssets/out/flutter_assets/isolate_snapshot_data,0,jeffAntonis
flutter/build/app/intermediates/merged_assets/debug/mergeDebugAssets/out/flutter_assets/vm_snapshot_data,0,jeffAntonis
gitattributes,2,jeffAntonis
gitignore,513,jeffAntonis
gradle,461,jeffAntonis
gson,3,jeffAntonis
h,65,jeffAntonis
html,244,jeffAntonis
ico,0,jeffAntonis
iml,45,jeffAntonis
jar,0,jeffAntonis
java,23424,jeffAntonis
jpeg,0,jeffAntonis
jpg,0,jeffAntonis
js,3815,jeffAntonis
json,43934,jeffAntonis
jsx,387,jeffAntonis
keep,0,jeffAntonis
keystore,0,jeffAntonis
lock,26360,jeffAntonis
m,439,jeffAntonis
md,581,jeffAntonis
metadata,10,jeffAntonis
mwb,0,jeffAntonis
packages,23,jeffAntonis
pbxproj,3142,jeffAntonis
plist,580,jeffAntonis
png,0,jeffAntonis
prefs,11,jeffAntonis
prettierrc,13,jeffAntonis
pro,90,jeffAntonis
project,17,jeffAntonis
properties,194,jeffAntonis
rb,741,jeffAntonis
ru,5,jeffAntonis
scss,304,jeffAntonis
ser,0,jeffAntonis
sha1,2,jeffAntonis
so,0,jeffAntonis
static/_redirects,2,jeffAntonis
storyboard,184,jeffAntonis
svg,1202,jeffAntonis
ts,1818,jeffAntonis
tsx,1105,jeffAntonis
ttf,0,jeffAntonis
txt,3801,jeffAntonis
watchmanconfig,2,jeffAntonis
woff,0,jeffAntonis
woff2,0,jeffAntonis
xcconfig,13,jeffAntonis
xcscheme,874,jeffAntonis
xcworkspacedata,28,jeffAntonis
xib,84,jeffAntonis
xml,7729,jeffAntonis
yaml,74,jeffAntonis
yml,135,jeffAntonis
0,46358,graterolz
DS_Store,0,graterolz
MF,5,graterolz
afm,23636,graterolz
aspx,170,graterolz
bin,0,graterolz
buildinfo,4,graterolz
c,765,graterolz
classpath,97,graterolz
coffee,7746,graterolz
config,166,graterolz
cpp,475,graterolz
cs,130,graterolz
csproj,53,graterolz
css,64451,graterolz
csslintrc,57,graterolz
db,0,graterolz
editorconfig,33,graterolz
eot,0,graterolz
exe,0,graterolz
form,607,graterolz
gif,0,graterolz
gitattributes,69,graterolz
gitignore,1187,graterolz
gradle,23,graterolz
htaccess,36,graterolz
htm,3361,graterolz
html,182740,graterolz
ico,0,graterolz
iml,32,graterolz
inv,0,graterolz
java,19379,graterolz
jpeg,0,graterolz
jpg,0,graterolz
js,467638,graterolz
jscsrc,126,graterolz
jshintrc,99,graterolz
json,5264,graterolz
lang,4659,graterolz
less,30772,graterolz
lock,0,graterolz
map,5018,graterolz
md,17809,graterolz
mdb,0,graterolz
myapp,60,graterolz
npmignore,126,graterolz
nuspec,236,graterolz
otf,0,graterolz
pbix,0,graterolz
pdf,0,graterolz
php,153101,graterolz
png,0,graterolz
prefs,139,graterolz
project,188,graterolz
properties,8,graterolz
ps1,26,graterolz
psd,0,graterolz
py,231,graterolz
pyc,0,graterolz
resources/bower_components/moment/LICENSE,22,graterolz
resources/sbAdminV2/LICENSE,22,graterolz
resources/sbAdminV2/bower_components/bootstrap/LICENSE,21,graterolz
resources/sbAdminV2/bower_components/flot/Makefile,12,graterolz
resources/sbAdminV2/bower_components/metisMenu/LICENSE,20,graterolz
resources/sbAdminV2/bower_components/mocha/LICENSE,22,graterolz
resx,15002,graterolz
rst,70,graterolz
scss,6807,graterolz
settings,49,graterolz
sh,383,graterolz
sln,149,graterolz
sql,62734,graterolz
svg,4564,graterolz
tab,2151,graterolz
ts,712,graterolz
ttf,0,graterolz
txt,1034,graterolz
vb,12742,graterolz
vbproj,1187,graterolz
woff,0,graterolz
woff2,0,graterolz
xaml,321,graterolz
xls,0,graterolz
xlsx,0,graterolz
xml,4611,graterolz
yml,515,graterolz
z,0,graterolz
zip,0,graterolz
0,2308,Bubex
0/TMFG vAlpha_Data/Mono/etc/mono/config,54,Bubex
0/TMFG vAlpha_Data/Resources/unity default resources,0,Bubex
0/TMFG vAlpha_Data/Resources/unity_builtin_extra,0,Bubex
0/TMFG vAlpha_Data/level0,0,Bubex
0/TMFG vAlpha_Data/level1,0,Bubex
0/TMFG vAlpha_Data/level2,0,Bubex
0/TMFG vAlpha_Data/level3,0,Bubex
0/TMFG vAlpha_Data/level4,0,Bubex
0/TMFG vAlpha_Data/level5,0,Bubex
0/TMFG vAlpha_Data/mainData,0,Bubex
APACHE2,15,Bubex
BSD,26,Bubex
DS_Store,0,Bubex
Jogos/DeepSweammer/DeepSweammer_Data/Mono/etc/mono/config,27,Bubex
Jogos/DeepSweammer/DeepSweammer_Data/Resources/unity default resources,0,Bubex
Jogos/DeepSweammer/DeepSweammer_Data/Resources/unity_builtin_extra,0,Bubex
Jogos/DeepSweammer/DeepSweammer_Data/globalgamemanagers,0,Bubex
Jogos/DeepSweammer/DeepSweammer_Data/level0,0,Bubex
Jogos/DeepSweammer/DeepSweammer_Data/level1,0,Bubex
Jogos/DeepSweammer/DeepSweammer_Data/level2,0,Bubex
Jogos/DeepSweammer/DeepSweammer_Data/level3,0,Bubex
Jogos/DeepSweammer/DeepSweammer_Data/level4,0,Bubex
Jogos/DeepSweammer/DeepSweammer_Data/level5,0,Bubex
LICENSE,21,Bubex
MIT,24,Bubex
Procfile,1,Bubex
aspx,14864,Bubex
assets,0,Bubex
babelrc,3,Bubex
backend/node_modules/abbrev/LICENSE,46,Bubex
backend/node_modules/accepts/LICENSE,23,Bubex
backend/node_modules/anymatch/LICENSE,15,Bubex
backend/node_modules/axios/LICENSE,19,Bubex
backend/node_modules/bluebird/LICENSE,21,Bubex
backend/node_modules/boxen/license,9,Bubex
backend/node_modules/braces/LICENSE,21,Bubex
backend/node_modules/bytes/LICENSE,23,Bubex
backend/node_modules/camelcase/license,21,Bubex
backend/node_modules/chalk/license,9,Bubex
backend/node_modules/chokidar/LICENSE,21,Bubex
backend/node_modules/configstore/license,9,Bubex
backend/node_modules/cookie/LICENSE,24,Bubex
backend/node_modules/cors/LICENSE,22,Bubex
backend/node_modules/debug/LICENSE,19,Bubex
backend/node_modules/debug/Makefile,50,Bubex
backend/node_modules/depd/LICENSE,22,Bubex
backend/node_modules/destroy/LICENSE,22,Bubex
backend/node_modules/encodeurl/LICENSE,22,Bubex
backend/node_modules/etag/LICENSE,22,Bubex
backend/node_modules/execa/license,9,Bubex
backend/node_modules/express/LICENSE,24,Bubex
backend/node_modules/finalhandler/LICENSE,22,Bubex
backend/node_modules/forwarded/LICENSE,22,Bubex
backend/node_modules/fresh/LICENSE,23,Bubex
backend/node_modules/got/license,21,Bubex
backend/node_modules/inherits/LICENSE,16,Bubex
backend/node_modules/ini/LICENSE,15,Bubex
backend/node_modules/isexe/LICENSE,15,Bubex
backend/node_modules/kareem/LICENSE,202,Bubex
backend/node_modules/kareem/Makefile,5,Bubex
backend/node_modules/methods/LICENSE,24,Bubex
backend/node_modules/mime/LICENSE,21,Bubex
backend/node_modules/minimatch/LICENSE,15,Bubex
backend/node_modules/minimist/LICENSE,18,Bubex
backend/node_modules/mpath/LICENSE,22,Bubex
backend/node_modules/mpath/Makefile,4,Bubex
backend/node_modules/mquery/LICENSE,22,Bubex
backend/node_modules/mquery/Makefile,26,Bubex
backend/node_modules/mquery/node_modules/debug/LICENSE,19,Bubex
backend/node_modules/mquery/node_modules/debug/Makefile,58,Bubex
backend/node_modules/negotiator/LICENSE,24,Bubex
backend/node_modules/nodemon/LICENSE,21,Bubex
backend/node_modules/nodemon/node_modules/debug/LICENSE,19,Bubex
backend/node_modules/nopt/LICENSE,23,Bubex
backend/node_modules/parseurl/LICENSE,24,Bubex
backend/node_modules/picomatch/LICENSE,21,Bubex
backend/node_modules/pify/license,9,Bubex
backend/node_modules/pseudomap/LICENSE,15,Bubex
backend/node_modules/qs/LICENSE,28,Bubex
backend/node_modules/readdirp/LICENSE,21,Bubex
backend/node_modules/require_optional/LICENSE,201,Bubex
backend/node_modules/saslprep/LICENSE,22,Bubex
backend/node_modules/semver/LICENSE,15,Bubex
backend/node_modules/semver/bin/semver,160,Bubex
backend/node_modules/send/LICENSE,23,Bubex
backend/node_modules/send/node_modules/inherits/LICENSE,16,Bubex
backend/node_modules/setprototypeof/LICENSE,13,Bubex
backend/node_modules/sliced/LICENSE,22,Bubex
backend/node_modules/statuses/LICENSE,23,Bubex
backend/node_modules/toidentifier/LICENSE,21,Bubex
backend/node_modules/touch/LICENSE,15,Bubex
backend/node_modules/undefsafe/LICENSE,22,Bubex
backend/node_modules/unpipe/LICENSE,22,Bubex
backend/node_modules/vary/LICENSE,22,Bubex
backend/node_modules/which/LICENSE,15,Bubex
backend/node_modules/which/bin/which,52,Bubex
backend/node_modules/yallist/LICENSE,15,Bubex
bin/mime,30,Bubex
bin/nodemon,15,Bubex
bin/nodetouch,30,Bubex
bin/nopt,30,Bubex
bin/rc,45,Bubex
bin/semver,75,Bubex
bin/which,30,Bubex
bnf,16,Bubex
browser,168,Bubex
cmd,133,Bubex
config,2680,Bubex
css,62100,Bubex
dll,0,Bubex
editorconfig,64,Bubex
eot,0,Bubex
eslintignore,2,Bubex
eslintrc,82,Bubex
example,54,Bubex
exe,0,Bubex
flow,93,Bubex
games/DeepSweammer/DeepSweammer_Data/Mono/etc/mono/config,27,Bubex
games/DeepSweammer/DeepSweammer_Data/Resources/unity default resources,0,Bubex
games/DeepSweammer/DeepSweammer_Data/Resources/unity_builtin_extra,0,Bubex
games/DeepSweammer/DeepSweammer_Data/globalgamemanagers,0,Bubex
games/DeepSweammer/DeepSweammer_Data/level0,0,Bubex
games/DeepSweammer/DeepSweammer_Data/level1,0,Bubex
games/DeepSweammer/DeepSweammer_Data/level2,0,Bubex
games/DeepSweammer/DeepSweammer_Data/level3,0,Bubex
games/DeepSweammer/DeepSweammer_Data/level4,0,Bubex
games/DeepSweammer/DeepSweammer_Data/level5,0,Bubex
gitattributes,12,Bubex
gitignore,308,Bubex
gitkeep,0,Bubex
htaccess,21,Bubex
html,11609,Bubex
ico,0,Bubex
info,446,Bubex
ini,67916,Bubex
jpeg,0,Bubex
jpg,0,Bubex
js,387741,Bubex
js/LICENSE,19,Bubex
jscsrc,26,Bubex
jshintrc,32,Bubex
json,83097,Bubex
less,10284,Bubex
lock,40762,Bubex
log,10389,Bubex
map,216,Bubex
markdown,153,Bubex
md,49667,Bubex
mdb,0,Bubex
mem,0,Bubex
npmignore,196,Bubex
out,52,Bubex
pdf,0,Bubex
php,4465,Bubex
png,0,Bubex
prettierrc,4,Bubex
public/_redirects,1,Bubex
remy/LICENSE,7,Bubex
remy/tests/fixtures/out1,10,Bubex
remy/tests/fixtures/out2,29,Bubex
resS,26742,Bubex
resource,0,Bubex
scss,28071,Bubex
sequelizerc,8,Bubex
sqlite,0,Bubex
suitsys/sistema/SBAdmin2/LICENSE,21,Bubex
svg,30169,Bubex
toml,24,Bubex
ts,1658,Bubex
ttf,0,Bubex
txt,992,Bubex
webmanifest,19,Bubex
woff,0,Bubex
woff2,0,Bubex
xml,76110,Bubex
yml,458,Bubex
0,7273,phaalonso
APACHE2,15,phaalonso
BSD,47,phaalonso
DS_Store,0,phaalonso
LICENSE,1557,phaalonso
LICENSE_APACHE,176,phaalonso
LICENSE_MIT,25,phaalonso
MF,2,phaalonso
MIT,24,phaalonso
NavData,6,phaalonso
Procfile,2,phaalonso
Proctfile,1,phaalonso
R,181,phaalonso
Teste/bin/Debug/Teste,0,phaalonso
Teste/main,0,phaalonso
a,0,phaalonso
aulaSincrona/builded,0,phaalonso
aulaSincrona2/builded,0,phaalonso
aula_sincron_27_11/builded,0,phaalonso
bash,126,phaalonso
bin,0,phaalonso
bin/dateformat,1,phaalonso
bin/esparse,1,phaalonso
bin/esvalidate,1,phaalonso
bin/highlight,1,phaalonso
bin/mime,1,phaalonso
bin/mkdirp,3,phaalonso
bin/rc,1,phaalonso
bin/rimraf,1,phaalonso
bin/semver,2,phaalonso
bin/tsc,1,phaalonso
bin/tsnd,1,phaalonso
bin/tsserver,1,phaalonso
bin/typeorm,1,phaalonso
bnf,32,phaalonso
browserslist,72,phaalonso
browserslistrc,51,phaalonso
build,286,phaalonso
c,1538,phaalonso
cache,17,phaalonso
cbp,84,phaalonso
cjs,4487,phaalonso
classpath,44,phaalonso
clonedeep/LICENSE,47,phaalonso
cmd,161,phaalonso
coffee,1,phaalonso
conf,119,phaalonso
cpp,5438,phaalonso
css,9434,phaalonso
d,233,phaalonso
debounce/LICENSE,47,phaalonso
depend,11,phaalonso
editorconfig,150,phaalonso
eep,1,phaalonso
elf,0,phaalonso
env,3,phaalonso
error,1,phaalonso
eslintignore,4,phaalonso
eslintrc,135,phaalonso
estruturas_desenho_rotacao/builded,0,phaalonso
estruturas_desenho_transla\303\247\303\243o/builded,0,phaalonso
example,1,phaalonso
exe,0,phaalonso
flf,242625,phaalonso
form,1,phaalonso
gitattributes,5,phaalonso
gitconfig,4,phaalonso
gitignore,412,phaalonso
gitkeep,0,phaalonso
gitmodules,6,phaalonso
go,9,phaalonso
graphql,12,phaalonso
gyp,67,phaalonso
h,7916,phaalonso
header,24,phaalonso
hex,152,phaalonso
hpp,182,phaalonso
htm,158,phaalonso
html,2980,phaalonso
ignore,0,phaalonso
iml,36,phaalonso
incrementando/bin/Debug/Teste,0,phaalonso
incrementando/teste,0,phaalonso
ino,44,phaalonso
ipynb,98,phaalonso
jar,0,phaalonso
java,2866,phaalonso
jpg,0,phaalonso
js,1533861,phaalonso
js/LICENSE,97,phaalonso
js/node_modules/@serialport/bindings/LICENSE,21,phaalonso
js/node_modules/@serialport/stream/LICENSE,21,phaalonso
js/node_modules/aproba/LICENSE,14,phaalonso
js/node_modules/buffer/LICENSE,21,phaalonso
js/node_modules/chalk/license,9,phaalonso
js/node_modules/chownr/LICENSE,15,phaalonso
js/node_modules/debug/LICENSE,19,phaalonso
js/node_modules/delegates/License,20,phaalonso
js/node_modules/delegates/Makefile,8,phaalonso
js/node_modules/gauge/LICENSE,13,phaalonso
js/node_modules/ieee754/LICENSE,11,phaalonso
js/node_modules/inherits/LICENSE,16,phaalonso
js/node_modules/ini/LICENSE,15,phaalonso
js/node_modules/isarray/Makefile,6,phaalonso
js/node_modules/minimist/LICENSE,18,phaalonso
js/node_modules/mkdirp/LICENSE,21,phaalonso
js/node_modules/npmlog/LICENSE,15,phaalonso
js/node_modules/once/LICENSE,15,phaalonso
js/node_modules/pump/LICENSE,21,phaalonso
js/node_modules/semver/LICENSE,15,phaalonso
js/node_modules/semver/bin/semver,160,phaalonso
js/node_modules/serialport/LICENSE,21,phaalonso
js/node_modules/string_decoder/LICENSE,48,phaalonso
js/node_modules/wrappy/LICENSE,15,phaalonso
jshintrc,174,phaalonso
json,202760,phaalonso
layout,20,phaalonso
lcl,24501,phaalonso
lock,4756,phaalonso
login,1,phaalonso
lua,2288,phaalonso
map,875,phaalonso
markdown,1266,phaalonso
md,63027,phaalonso
md~,140,phaalonso
mjs,259,phaalonso
mod,3,phaalonso
mvnw,286,phaalonso
node,0,phaalonso
npmignore,290,phaalonso
nycrc,13,phaalonso
o,0,phaalonso
out,0,phaalonso
patch,2131,phaalonso
pdf,0,phaalonso
png,40,phaalonso
prefs,15,phaalonso
project,34,phaalonso
properties,1100,phaalonso
py,1058,phaalonso
pyc,0,phaalonso
realpath/LICENSE,43,phaalonso
requirements,1,phaalonso
rs,21,phaalonso
scss,11085,phaalonso
sh,29,phaalonso
sql,7,phaalonso
svg,10,phaalonso
tar,0,phaalonso
tarefa,1,phaalonso
tarefa_1/builded,0,phaalonso
tarefa_2/builded,0,phaalonso
tarefa_esfera/builded,0,phaalonso
tarefa_espiral/builded,0,phaalonso
tarefa_mouse_click/builded,0,phaalonso
tarefa_pespectiva_circulo/builded,0,phaalonso
tarefa_visualizacao,1,phaalonso
tarefas_primitivas/builded,0,phaalonso
tesselignore,25,phaalonso
teste_z_buffer/builded,0,phaalonso
toml,5,phaalonso
ts,168550,phaalonso
txt,2224,phaalonso
vim,751,phaalonso
xhtml,1849,phaalonso
xml,2324,phaalonso
yml,1358,phaalonso
zip,0,phaalonso
zshrc,2,phaalonso
js,75,allandiego
CNAME,1,fernandod1
LICENSE,146,fernandod1
_redirects,2,fernandod1
artisan,53,fernandod1
blog/CNAME,1,fernandod1
config,28,fernandod1
css,14700,fernandod1
csv,6,fernandod1
editorconfig,18,fernandod1
eot,0,fernandod1
example,2,fernandod1
gif,0,fernandod1
gitattributes,5,fernandod1
gitignore,48,fernandod1
htaccess,21,fernandod1
html,10460,fernandod1
ico,0,fernandod1
jpg,0,fernandod1
js,703,fernandod1
json,7049,fernandod1
lock,199,fernandod1
map,1,fernandod1
md,312,fernandod1
otf,0,fernandod1
pdf,0,fernandod1
php,5629,fernandod1
png,0,fernandod1
py,179,fernandod1
scss,27,fernandod1
sql,893,fernandod1
svg,14767,fernandod1
ttf,0,fernandod1
txt,70,fernandod1
webmanifest,19,fernandod1
woff,0,fernandod1
woff2,0,fernandod1
xml,1376,fernandod1
yml,14,fernandod1
7z,0,leonelNoguera
DS_Store,0,leonelNoguera
GIF,0,leonelNoguera
LICENSE,695,leonelNoguera
Procfile,3,leonelNoguera
TP_1_Cascara/TP_1_Cascara/bin/Debug/TP_1_Cascara,0,leonelNoguera
TP_1_Cascara/bin/Debug/TP_1_Cascara,0,leonelNoguera
TP_2_Cascara/bin/Debug/TP_2_Cascara,0,leonelNoguera
TP_3_Cascara/bin/Debug/TP_3_Cascara,0,leonelNoguera
TP_4/arraylist/examples/example_4/src/bin/Debug/utest,0,leonelNoguera
TXT,64,leonelNoguera
a,0,leonelNoguera
bin,0,leonelNoguera
c,6613,leonelNoguera
cbp,665,leonelNoguera
cdg,222,leonelNoguera
class,0,leonelNoguera
cpp,73,leonelNoguera
css,10280,leonelNoguera
csv,1,leonelNoguera
depend,375,leonelNoguera
ejs,122,leonelNoguera
eot,0,leonelNoguera
examenFinal/bin/Debug/examenFinal,0,leonelNoguera
examenFinal/src/bin/Debug/examenFinal,0,leonelNoguera
exe,0,leonelNoguera
form,330,leonelNoguera
gif,0,leonelNoguera
h,2152,leonelNoguera
html,212,leonelNoguera
ico,0,leonelNoguera
ini,63,leonelNoguera
jar,0,leonelNoguera
java,4692,leonelNoguera
java_etc/NetBeansProjects/HerenciaUmlEJemplo/umlproject,0,leonelNoguera
java_etc/NetBeansProjects/SistemaFacturacion/umlproject,0,leonelNoguera
java_etc/NetBeansProjects/UmlPizzeria/apuntes,43,leonelNoguera
java_etc/NetBeansProjects/UmlPizzeria/umlproject,0,leonelNoguera
js,7593,leonelNoguera
json,1574,leonelNoguera
layout,171,leonelNoguera
map,10,leonelNoguera
md,31,leonelNoguera
mf,9,leonelNoguera
netbeans_automatic_build,0,leonelNoguera
netbeans_update_resources,0,leonelNoguera
o,0,leonelNoguera
pdf,0,leonelNoguera
php,112,leonelNoguera
png,0,leonelNoguera
properties,260,leonelNoguera
psc,1043,leonelNoguera
py,4311,leonelNoguera
pyc,0,leonelNoguera
svg,1790,leonelNoguera
ts,179,leonelNoguera
ttf,0,leonelNoguera
txt,1079,leonelNoguera
woff,0,leonelNoguera
woff2,0,leonelNoguera
xcf,0,leonelNoguera
xml,4542,leonelNoguera
zargo,0,leonelNoguera
zargo~,0,leonelNoguera
zip,0,leonelNoguera
0,13961,casjunior93
APACHE2,15,casjunior93
BSD,19,casjunior93
DS_Store,0,casjunior93
HTML5 e CSS3,1,casjunior93
JavaScript,1,casjunior93
MIT,24,casjunior93
babelrc,6,casjunior93
class,0,casjunior93
classpath,86,casjunior93
coffee,789,casjunior93
core/assumedExternalFilesCache,0,casjunior93
core/externalFilesCache,0,casjunior93
core/externalLibsTimeStamps,0,casjunior93
core/nonChainingJarsCache,0,casjunior93
css,4099,casjunior93
csv,318751,casjunior93
dat,0,casjunior93
db,4,casjunior93
editorconfig,23,casjunior93
eot,0,casjunior93
eslintignore,2,casjunior93
eslintrc,147,casjunior93
gen,0,casjunior93
gif,0,casjunior93
gitattributes,1,casjunior93
gitignore,42,casjunior93
history,54,casjunior93
history/0/207e49ead3a9001a1dabe81517d27682,9,casjunior93
history/0/80f72e6849ac001a1f54be8c371d880b,27,casjunior93
history/0/80f76ed554a8001a17b4d57717cb9e73,4,casjunior93
history/0/909dd1527da3001a1fe3ee92253d4152,6,casjunior93
history/0/e0e56b67e9a9001a1dabe81517d27682,0,casjunior93
history/0/f0c4cc8068a8001a12a2df31a87bb444,24,casjunior93
history/1/004e54824e96001a148cb265b998e421,17,casjunior93
history/1/30a70a984ba8001a17b4d57717cb9e73,26,casjunior93
history/1/409297d855a8001a17b4d57717cb9e73,22,casjunior93
history/1/809dd9133eac001a1f54be8c371d880b,15,casjunior93
history/1/900aa5d573a8001a12a2df31a87bb444,27,casjunior93
history/1/f02961116ba3001a1fe3ee92253d4152,0,casjunior93
history/10/30aa0759e0a2001a18b789c28af3d0ae,17,casjunior93
history/10/7084e3628fa3001a1fe3ee92253d4152,99,casjunior93
history/10/80fdc61cd6a9001a1dabe81517d27682,28,casjunior93
history/11/0080ffd86ca3001a1fe3ee92253d4152,42,casjunior93
history/11/00ab441f52a8001a17b4d57717cb9e73,27,casjunior93
history/11/1035e5304ca8001a17b4d57717cb9e73,25,casjunior93
history/11/10b87f5457ac001a1f54be8c371d880b,30,casjunior93
history/11/407ad33d7eab001a14d0a17ccded11de,20,casjunior93
history/11/50898280d8a9001a1dabe81517d27682,25,casjunior93
history/11/b080942b5dac001a1f54be8c371d880b,44,casjunior93
history/12/1046d80155ac001a1f54be8c371d880b,32,casjunior93
history/12/3012784f58ac001a1f54be8c371d880b,54,casjunior93
history/12/f063814b55ac001a1f54be8c371d880b,32,casjunior93
history/13/40b4b0a070a8001a12a2df31a87bb444,38,casjunior93
history/13/80b730c7029b001a1ef3e31b31412697,15,casjunior93
history/13/a006d9f7e4a2001a18b789c28af3d0ae,81,casjunior93
history/13/e0916dc895a3001a1fe3ee92253d4152,33,casjunior93
history/14/10f365e779a3001a1fe3ee92253d4152,0,casjunior93
history/14/30dfe87850ac001a1f54be8c371d880b,0,casjunior93
history/14/50367f334ba8001a17b4d57717cb9e73,13,casjunior93
history/15/10dfbf1845ac001a1f54be8c371d880b,33,casjunior93
history/15/c0f39148f5a8001a1f349067f0846daf,31,casjunior93
history/16/00b212354c96001a148cb265b998e421,11,casjunior93
history/16/103088c74aac001a1f54be8c371d880b,36,casjunior93
history/16/70aa206c51ac001a1f54be8c371d880b,47,casjunior93
history/16/c00b2ad9039b001a1ef3e31b31412697,23,casjunior93
history/17/00c89fabe4a2001a18b789c28af3d0ae,79,casjunior93
history/17/2003eeb4e1a2001a18b789c28af3d0ae,21,casjunior93
history/17/40bc16a0e0a2001a18b789c28af3d0ae,17,casjunior93
history/17/80a650d0dda2001a18b789c28af3d0ae,58,casjunior93
history/17/c0605f223dac001a1f54be8c371d880b,0,casjunior93
history/17/d08f6ff77ba3001a1fe3ee92253d4152,16,casjunior93
history/17/e01a3e68ff9a001a1ef3e31b31412697,15,casjunior93
history/17/f0efa388fd9a001a1ef3e31b31412697,21,casjunior93
history/18/10749d975096001a148cb265b998e421,12,casjunior93
history/18/20a8f4c664a8001a12a2df31a87bb444,0,casjunior93
history/18/90039679e9a9001a1dabe81517d27682,7,casjunior93
history/18/906652c251ac001a1f54be8c371d880b,21,casjunior93
history/18/90e5f4c196aa001a1ff5d2fbf4bfd931,26,casjunior93
history/18/a09591901ca9001a1f349067f0846daf,27,casjunior93
history/18/a0a8a9e27eab001a14d0a17ccded11de,21,casjunior93
history/18/e0984ee97fab001a14d0a17ccded11de,38,casjunior93
history/19/103184634ca8001a17b4d57717cb9e73,21,casjunior93
history/19/7056ce994cac001a1f54be8c371d880b,41,casjunior93
history/19/706c481b5196001a148cb265b998e421,21,casjunior93
history/19/b03f53c094a3001a1fe3ee92253d4152,7,casjunior93
history/19/e014568ae1a2001a18b789c28af3d0ae,19,casjunior93
history/19/f0a3d3e9039b001a1ef3e31b31412697,23,casjunior93
history/1a/30877f675c96001a148cb265b998e421,10,casjunior93
history/1a/706be99f56a8001a17b4d57717cb9e73,14,casjunior93
history/1a/70c86f5bfc9a001a1ef3e31b31412697,14,casjunior93
history/1a/90429a3555a8001a17b4d57717cb9e73,6,casjunior93
history/1a/b00a5d524dac001a1f54be8c371d880b,48,casjunior93
history/1b/1067d3894e96001a148cb265b998e421,17,casjunior93
history/1b/905e3438e8a2001a18b789c28af3d0ae,86,casjunior93
history/1c/203922fd14a9001a1f349067f0846daf,100,casjunior93
history/1c/40bdcae06ca3001a1fe3ee92253d4152,42,casjunior93
history/1c/700e6eab5396001a148cb265b998e421,20,casjunior93
history/1c/90254a94e1a2001a18b789c28af3d0ae,21,casjunior93
history/1c/e026c8f64aa8001a17b4d57717cb9e73,13,casjunior93
history/1d/30b44bee3eac001a1f54be8c371d880b,15,casjunior93
history/1d/703c5bbdd6a9001a1dabe81517d27682,29,casjunior93
history/1d/8003750857ac001a1f54be8c371d880b,28,casjunior93
history/1d/a0f4237f5996001a148cb265b998e421,18,casjunior93
history/1d/c093446583ab001a14d0a17ccded11de,10,casjunior93
history/1d/c0bfaafed6a9001a1dabe81517d27682,18,casjunior93
history/1d/d05a215f7bab001a14d0a17ccded11de,10,casjunior93
history/1e/00483b5fff9a001a1ef3e31b31412697,10,casjunior93
history/1e/00558508d7a9001a1dabe81517d27682,18,casjunior93
history/1e/300bd4915996001a148cb265b998e421,23,casjunior93
history/1e/a0bf0ffed3a9001a1dabe81517d27682,31,casjunior93
history/1e/c07ae4e9d3a9001a1dabe81517d27682,27,casjunior93
history/1f/40ffb51d71a3001a1fe3ee92253d4152,16,casjunior93
history/1f/80435b625b96001a148cb265b998e421,17,casjunior93
history/1f/d0c540f7e8a7001a18c9b21879cf6d05,18,casjunior93
history/2/10dd6d22e4a2001a18b789c28af3d0ae,9,casjunior93
history/2/20bb6313d6a9001a1dabe81517d27682,29,casjunior93
history/2/40df8937fc9a001a1ef3e31b31412697,14,casjunior93
history/2/40f867941dad001a1358a359ea0b0d43,46,casjunior93
history/2/60f82e6e5596001a148cb265b998e421,9,casjunior93
history/2/a02035ad1ca9001a1f349067f0846daf,28,casjunior93
history/20/10a6895d55a8001a17b4d57717cb9e73,9,casjunior93
history/20/e0e2f05151a8001a17b4d57717cb9e73,4,casjunior93
history/21/203101b9d6a9001a1dabe81517d27682,8,casjunior93
history/21/20b856fbe9a9001a1dabe81517d27682,30,casjunior93
history/21/4078fe544e96001a148cb265b998e421,17,casjunior93
history/21/50a75df652ac001a1f54be8c371d880b,30,casjunior93
history/21/8012f938e8a7001a18c9b21879cf6d05,16,casjunior93
history/21/a04d192cd7a9001a1dabe81517d27682,25,casjunior93
history/21/a08051fb5dac001a1f54be8c371d880b,44,casjunior93
history/22/20e7c1b65c96001a148cb265b998e421,11,casjunior93
history/22/80e94de27dab001a14d0a17ccded11de,15,casjunior93
history/22/a014dc7be6a2001a18b789c28af3d0ae,14,casjunior93
history/23/00f9f3db5496001a148cb265b998e421,11,casjunior93
history/23/409ee1be5bac001a1f54be8c371d880b,28,casjunior93
history/23/60a1708069a3001a1fe3ee92253d4152,25,casjunior93
history/23/c0492a7049a8001a17b4d57717cb9e73,10,casjunior93
history/23/d0628842e9a9001a1dabe81517d27682,0,casjunior93
history/24/800bd03548a8001a17b4d57717cb9e73,18,casjunior93
history/24/b0449bee47ac001a1f54be8c371d880b,35,casjunior93
history/25/708f9a97e9a2001a18b789c28af3d0ae,94,casjunior93
history/25/d052935370a3001a1fe3ee92253d4152,42,casjunior93
history/25/d0f537ca70a8001a12a2df31a87bb444,0,casjunior93
history/26/400f5bd857ac001a1f54be8c371d880b,43,casjunior93
history/26/70995f6fe8a2001a18b789c28af3d0ae,89,casjunior93
history/27/6002852296aa001a1ff5d2fbf4bfd931,4,casjunior93
history/27/a08dd66e1aa9001a1f349067f0846daf,16,casjunior93
history/27/b0ffc2c95cac001a1f54be8c371d880b,107,casjunior93
history/27/c0c905321ca9001a1f349067f0846daf,16,casjunior93
history/27/e00403313fac001a1f54be8c371d880b,95,casjunior93
history/28/00604b77d8a9001a1dabe81517d27682,25,casjunior93
history/28/205f179de7a7001a18c9b21879cf6d05,0,casjunior93
history/29/40aa6cc46da3001a1fe3ee92253d4152,4,casjunior93
history/29/5071d8725796001a148cb265b998e421,9,casjunior93
history/2a/0005d54352a8001a17b4d57717cb9e73,26,casjunior93
history/2a/204dd706009b001a1ef3e31b31412697,8,casjunior93
history/2a/20d50ba871a8001a12a2df31a87bb444,43,casjunior93
history/2a/50e4b09cd8a9001a1dabe81517d27682,25,casjunior93
history/2a/d04fbcfc8ca3001a1fe3ee92253d4152,0,casjunior93
history/2b/c004c7f37ca3001a1fe3ee92253d4152,23,casjunior93
history/2b/e0fe47401ca9001a1f349067f0846daf,27,casjunior93
history/2b/f01321f414a9001a1f349067f0846daf,4,casjunior93
history/2c/00157bf912a9001a1f349067f0846daf,32,casjunior93
history/2c/605a52e48da3001a1fe3ee92253d4152,95,casjunior93
history/2c/70c10568d4a9001a1dabe81517d27682,24,casjunior93
history/2c/80b083ccfc9a001a1ef3e31b31412697,18,casjunior93
history/2c/90d4018d5796001a148cb265b998e421,16,casjunior93
history/2d/007980aefd9a001a1ef3e31b31412697,22,casjunior93
history/2d/10babea7e0a2001a18b789c28af3d0ae,19,casjunior93
history/2d/d04364717ca3001a1fe3ee92253d4152,19,casjunior93
history/2e/00936ce257ac001a1f54be8c371d880b,46,casjunior93
history/2f/006e233e18a9001a1f349067f0846daf,93,casjunior93
history/2f/c0cc566451ac001a1f54be8c371d880b,16,casjunior93
history/3/00c4a3b747ac001a1f54be8c371d880b,33,casjunior93
history/3/105329c3e4a2001a18b789c28af3d0ae,9,casjunior93
history/3/40826a01f6a8001a1f349067f0846daf,6,casjunior93
history/3/803777e14cac001a1f54be8c371d880b,41,casjunior93
history/3/c0eef1c46ea8001a12a2df31a87bb444,25,casjunior93
history/30/405ec27fe0a2001a18b789c28af3d0ae,17,casjunior93
history/30/80c56d44f5a8001a1f349067f0846daf,0,casjunior93
history/30/900aabec8da3001a1fe3ee92253d4152,11,casjunior93
history/30/e0037ffe8ba3001a1fe3ee92253d4152,7,casjunior93
history/31/20681735dda2001a18b789c28af3d0ae,0,casjunior93
history/32/407dc7cc84ab001a14d0a17ccded11de,10,casjunior93
history/32/905d575e4bac001a1f54be8c371d880b,34,casjunior93
history/32/b029389974a3001a1fe3ee92253d4152,23,casjunior93
history/33/10530436d6a9001a1dabe81517d27682,19,casjunior93
history/33/40cb910d75a8001a12a2df31a87bb444,30,casjunior93
history/33/60db66cd51ac001a1f54be8c371d880b,21,casjunior93
history/33/80a3baf370a8001a12a2df31a87bb444,38,casjunior93
history/33/a0a4cac16ca3001a1fe3ee92253d4152,34,casjunior93
history/33/c0c9922c5796001a148cb265b998e421,0,casjunior93
history/34/402ca30bd6a9001a1dabe81517d27682,9,casjunior93
history/34/506ad1756ea3001a1fe3ee92253d4152,24,casjunior93
history/34/c0a8a6524bac001a1f54be8c371d880b,31,casjunior93
history/34/c0ba6c8e4d96001a148cb265b998e421,4,casjunior93
history/35/4015ca0155ac001a1f54be8c371d880b,32,casjunior93
history/35/401e00fae8a9001a1dabe81517d27682,29,casjunior93
history/37/408671f768a3001a1fe3ee92253d4152,23,casjunior93
history/37/40f0d16149ac001a1f54be8c371d880b,27,casjunior93
history/37/50a8da9d77a3001a1fe3ee92253d4152,25,casjunior93
history/37/60a1be48eaa7001a18c9b21879cf6d05,18,casjunior93
history/37/8004ea4c4ba8001a17b4d57717cb9e73,27,casjunior93
history/37/90f29591009b001a1ef3e31b31412697,10,casjunior93
history/38/30b14fd056ac001a1f54be8c371d880b,26,casjunior93
history/38/8010d6dd7ba3001a1fe3ee92253d4152,16,casjunior93
history/38/e0b3df4549ac001a1f54be8c371d880b,25,casjunior93
history/39/009d5a275cac001a1f54be8c371d880b,30,casjunior93
history/39/1000fbc196aa001a1ff5d2fbf4bfd931,14,casjunior93
history/39/50d789e1eaa9001a1dabe81517d27682,35,casjunior93
history/39/b0b49f0f1aa9001a1f349067f0846daf,0,casjunior93
history/39/d038f7af56a8001a17b4d57717cb9e73,15,casjunior93
history/3a/2054b2c514a9001a1f349067f0846daf,100,casjunior93
history/3a/80af63021ba9001a1f349067f0846daf,20,casjunior93
history/3a/a096268a56a8001a17b4d57717cb9e73,13,casjunior93
history/3a/d0238265d4a9001a1dabe81517d27682,18,casjunior93
history/3b/001bc51b8da3001a1fe3ee92253d4152,4,casjunior93
history/3b/206c5df590a3001a1fe3ee92253d4152,22,casjunior93
history/3b/60efea125396001a148cb265b998e421,11,casjunior93
history/3b/70b6d5aa64a8001a12a2df31a87bb444,7,casjunior93
history/3b/804fc1b13dac001a1f54be8c371d880b,95,casjunior93
history/3b/d028a3e4e5a2001a18b789c28af3d0ae,84,casjunior93
history/3c/208d5c2a6ea3001a1fe3ee92253d4152,10,casjunior93
history/3c/30a65ebf4aac001a1f54be8c371d880b,35,casjunior93
history/3c/a0ee4c4fe6a7001a18c9b21879cf6d05,13,casjunior93
history/3c/d0dd875347ac001a1f54be8c371d880b,32,casjunior93
history/3d/f0d5c4c76da3001a1fe3ee92253d4152,6,casjunior93
history/3d/f0dfdcd470a8001a12a2df31a87bb444,38,casjunior93
history/3e/20fcc46415a9001a1f349067f0846daf,98,casjunior93
history/3e/a09baf02d6a9001a1dabe81517d27682,7,casjunior93
history/3e/f042a003e0a2001a18b789c28af3d0ae,18,casjunior93
history/3f/502e3ce06ba3001a1fe3ee92253d4152,17,casjunior93
history/3f/60b0b7fd5296001a148cb265b998e421,10,casjunior93
history/3f/803eff3f4aa8001a17b4d57717cb9e73,15,casjunior93
history/3f/807109ab52ac001a1f54be8c371d880b,26,casjunior93
history/3f/9001a547e8a2001a18b789c28af3d0ae,87,casjunior93
history/3f/b04de7d414a9001a1f349067f0846daf,0,casjunior93
history/4/1064201a11a9001a1f349067f0846daf,26,casjunior93
history/4/60d9c64fdfa2001a18b789c28af3d0ae,60,casjunior93
history/4/a05c220a049b001a1ef3e31b31412697,26,casjunior93
history/40/20a01afdff9a001a1ef3e31b31412697,17,casjunior93
history/40/80c80b7e3fac001a1f54be8c371d880b,101,casjunior93
history/40/a08e131a18a9001a1f349067f0846daf,7,casjunior93
history/41/6028d78774a3001a1fe3ee92253d4152,33,casjunior93
history/41/900f793b49a8001a17b4d57717cb9e73,16,casjunior93
history/42/004ff312e4a2001a18b789c28af3d0ae,77,casjunior93
history/42/6088265674a8001a12a2df31a87bb444,29,casjunior93
history/43/1045c6c35c96001a148cb265b998e421,11,casjunior93
history/44/40f103c4eaa7001a18c9b21879cf6d05,18,casjunior93
history/44/80531cf73eac001a1f54be8c371d880b,15,casjunior93
history/44/90b9e9db6aa3001a1fe3ee92253d4152,33,casjunior93
history/45/009d1bc551a8001a17b4d57717cb9e73,25,casjunior93
history/45/00b2c3b495a3001a1fe3ee92253d4152,32,casjunior93
history/45/300d65244aa8001a17b4d57717cb9e73,18,casjunior93
history/45/506cf7913fac001a1f54be8c371d880b,101,casjunior93
history/45/c00f945fe9a2001a18b789c28af3d0ae,90,casjunior93
history/45/e00a2ff9fb9a001a1ef3e31b31412697,12,casjunior93
history/46/00091e3e48ac001a1f54be8c371d880b,5,casjunior93
history/46/50384ea57dab001a14d0a17ccded11de,10,casjunior93
history/46/70448e6748a8001a17b4d57717cb9e73,19,casjunior93
history/47/60f2c33349a8001a17b4d57717cb9e73,19,casjunior93
history/47/7084aea796aa001a1ff5d2fbf4bfd931,82,casjunior93
history/48/c04de5565b96001a148cb265b998e421,4,casjunior93
history/48/c0fdb65956a8001a17b4d57717cb9e73,9,casjunior93
history/48/d00423f97ea3001a1fe3ee92253d4152,6,casjunior93
history/48/d0dab6274ba8001a17b4d57717cb9e73,13,casjunior93
history/48/e0c4f16c16a9001a1f349067f0846daf,12,casjunior93
history/49/10f237f4eaa9001a1dabe81517d27682,35,casjunior93
history/49/3022ba4c7dab001a14d0a17ccded11de,7,casjunior93
history/49/80e863b255a8001a17b4d57717cb9e73,10,casjunior93
history/49/d070653288a3001a1fe3ee92253d4152,16,casjunior93
history/49/e0eae4e346ac001a1f54be8c371d880b,20,casjunior93
history/4a/2021eb6d019b001a1ef3e31b31412697,29,casjunior93
history/4a/40d9ee9ce9a2001a18b789c28af3d0ae,20,casjunior93
history/4a/70eb23fcfc9a001a1ef3e31b31412697,18,casjunior93
history/4a/a0bff51948ac001a1f54be8c371d880b,0,casjunior93
history/4a/f07dd6865296001a148cb265b998e421,4,casjunior93
history/4b/10f771544b96001a148cb265b998e421,0,casjunior93
history/4b/504c0fe58ea3001a1fe3ee92253d4152,9,casjunior93
history/4b/e0da42b3d6a9001a1dabe81517d27682,9,casjunior93
history/4b/f0c7d4bf4e96001a148cb265b998e421,17,casjunior93
history/4c/1087d0db7ca3001a1fe3ee92253d4152,19,casjunior93
history/4c/d0a890006ba3001a1fe3ee92253d4152,33,casjunior93
history/4d/00f9db41fd9a001a1ef3e31b31412697,18,casjunior93
history/4d/6033bd3757ac001a1f54be8c371d880b,30,casjunior93
history/4d/604882bd55a8001a17b4d57717cb9e73,22,casjunior93
history/4d/70161c3fe4a2001a18b789c28af3d0ae,77,casjunior93
history/4e/109a1ae0fb9a001a1ef3e31b31412697,9,casjunior93
history/4e/30f513995596001a148cb265b998e421,9,casjunior93
history/4e/a0eec95c4ca8001a17b4d57717cb9e73,18,casjunior93
history/4e/c09d7d336ba3001a1fe3ee92253d4152,6,casjunior93
history/4f/b0e77e9282ab001a14d0a17ccded11de,0,casjunior93
history/4f/d03fb00d7fa3001a1fe3ee92253d4152,27,casjunior93
history/4f/e0314482e8a7001a18c9b21879cf6d05,17,casjunior93
history/5/20c265ebe7a7001a18c9b21879cf6d05,10,casjunior93
history/5/708695eb70a8001a12a2df31a87bb444,4,casjunior93
history/5/f06c882669a3001a1fe3ee92253d4152,23,casjunior93
history/50/40115f631aa9001a1f349067f0846daf,15,casjunior93
history/50/d0148a8c95aa001a1ff5d2fbf4bfd931,6,casjunior93
history/50/d07a0bc296aa001a1ff5d2fbf4bfd931,8,casjunior93
history/50/f0e8684e54ac001a1f54be8c371d880b,31,casjunior93
history/51/30196e56019b001a1ef3e31b31412697,18,casjunior93
history/51/50a3986618a9001a1f349067f0846daf,24,casjunior93
history/51/c0e82593fd9a001a1ef3e31b31412697,22,casjunior93
history/52/803333ad5296001a148cb265b998e421,8,casjunior93
history/52/e08570b56ba3001a1fe3ee92253d4152,13,casjunior93
history/53/b0425f6f95a3001a1fe3ee92253d4152,34,casjunior93
history/54/005ea47d95a3001a1fe3ee92253d4152,35,casjunior93
history/54/301da6ae55a8001a17b4d57717cb9e73,10,casjunior93
history/54/3043aa515996001a148cb265b998e421,4,casjunior93
history/54/8076c3f669a3001a1fe3ee92253d4152,7,casjunior93
history/54/d005e35911a9001a1f349067f0846daf,8,casjunior93
history/56/00b0b0cf6ca3001a1fe3ee92253d4152,38,casjunior93
history/56/70f74f8c5c96001a148cb265b998e421,10,casjunior93
history/56/c0c12fe470a8001a12a2df31a87bb444,4,casjunior93
history/57/c0ae4fa75bac001a1f54be8c371d880b,23,casjunior93
history/58/10583ae9d3a9001a1dabe81517d27682,14,casjunior93
history/58/5004cc0072a8001a12a2df31a87bb444,0,casjunior93
history/58/7053f8feeaa9001a1dabe81517d27682,35,casjunior93
history/58/d060f1705bac001a1f54be8c371d880b,64,casjunior93
history/59/3081f38dd7a9001a1dabe81517d27682,21,casjunior93
history/59/808209555396001a148cb265b998e421,16,casjunior93
history/5a/302e390d5196001a148cb265b998e421,20,casjunior93
history/5a/c00ee1e350ac001a1f54be8c371d880b,5,casjunior93
history/5a/d0323f784ca8001a17b4d57717cb9e73,22,casjunior93
history/5a/e0712ba77fab001a14d0a17ccded11de,35,casjunior93
history/5b/10e704fa65a8001a12a2df31a87bb444,23,casjunior93
history/5b/3072456e80ab001a14d0a17ccded11de,53,casjunior93
history/5b/60c714286ba3001a1fe3ee92253d4152,4,casjunior93
history/5b/906b133e5896001a148cb265b998e421,17,casjunior93
history/5b/90b9fb347fab001a14d0a17ccded11de,24,casjunior93
history/5b/f055e4b412a9001a1f349067f0846daf,31,casjunior93
history/5b/f0edc6eee9a9001a1dabe81517d27682,95,casjunior93
history/5c/503d42d05596001a148cb265b998e421,13,casjunior93
history/5c/50d56ea947ac001a1f54be8c371d880b,32,casjunior93
history/5c/901a01c296aa001a1ff5d2fbf4bfd931,9,casjunior93
history/5c/b0845bf049a8001a17b4d57717cb9e73,5,casjunior93
history/5c/c054db916ba3001a1fe3ee92253d4152,13,casjunior93
history/5c/e0561ae05dac001a1f54be8c371d880b,115,casjunior93
history/5d/10910bc549a8001a17b4d57717cb9e73,5,casjunior93
history/5d/50b4523cd6a9001a1dabe81517d27682,32,casjunior93
history/5d/a0c9dbbe8ea3001a1fe3ee92253d4152,0,casjunior93
history/5d/c021b85b70a3001a1fe3ee92253d4152,19,casjunior93
history/5d/c07e5b8711a9001a1f349067f0846daf,8,casjunior93
history/5d/c0b1b80348ac001a1f54be8c371d880b,35,casjunior93
history/5e/203004c790a3001a1fe3ee92253d4152,21,casjunior93
history/5e/3035180c4e96001a148cb265b998e421,9,casjunior93
history/5f/207507ca7ca3001a1fe3ee92253d4152,14,casjunior93
history/5f/8058c3a552ac001a1f54be8c371d880b,27,casjunior93
history/5f/a0a0056e5dac001a1f54be8c371d880b,112,casjunior93
history/5f/c01ffa445996001a148cb265b998e421,0,casjunior93
history/5f/c0993c9670a3001a1fe3ee92253d4152,0,casjunior93
history/5f/d05474f4e7a7001a18c9b21879cf6d05,13,casjunior93
history/6/f01344cae5a7001a18c9b21879cf6d05,14,casjunior93
history/60/10b601d0d6a9001a1dabe81517d27682,19,casjunior93
history/60/30afe3937fab001a14d0a17ccded11de,31,casjunior93
history/60/508392aff5a8001a1f349067f0846daf,4,casjunior93
history/60/b09d8af0e8a2001a18b789c28af3d0ae,16,casjunior93
history/60/c040b16f1ba9001a1f349067f0846daf,21,casjunior93
history/60/e05523efd5a9001a1dabe81517d27682,15,casjunior93
history/61/50f9ef80ff9a001a1ef3e31b31412697,0,casjunior93
history/61/b077702818a9001a1f349067f0846daf,93,casjunior93
history/62/003e67b371a8001a12a2df31a87bb444,40,casjunior93
history/62/0074222e5cac001a1f54be8c371d880b,36,casjunior93
history/62/1046d66de5a7001a18c9b21879cf6d05,6,casjunior93
history/62/301d227d6aa3001a1fe3ee92253d4152,6,casjunior93
history/62/50a7cc767ba3001a1fe3ee92253d4152,0,casjunior93
history/62/60e2741a8fa3001a1fe3ee92253d4152,15,casjunior93
history/62/d0cbbce054a8001a17b4d57717cb9e73,5,casjunior93
history/63/00456f267ca3001a1fe3ee92253d4152,4,casjunior93
history/63/00b00b0555a8001a17b4d57717cb9e73,0,casjunior93
history/63/1096271c7ca3001a1fe3ee92253d4152,14,casjunior93
history/63/7053e0d451a8001a17b4d57717cb9e73,21,casjunior93
history/64/805431aed8a9001a1dabe81517d27682,29,casjunior93
history/64/80a924dd1ba9001a1f349067f0846daf,17,casjunior93
history/65/1064bdc98da3001a1fe3ee92253d4152,4,casjunior93
history/65/302575e993a3001a1fe3ee92253d4152,35,casjunior93
history/65/30cbe65712a9001a1f349067f0846daf,6,casjunior93
history/65/40abea2a8da3001a1fe3ee92253d4152,0,casjunior93
history/66/0000a4c74bac001a1f54be8c371d880b,39,casjunior93
history/66/008ec7858fa3001a1fe3ee92253d4152,24,casjunior93
history/66/60fb33a451ac001a1f54be8c371d880b,18,casjunior93
history/66/700ad1cbe0a2001a18b789c28af3d0ae,19,casjunior93
history/66/c0f4146087a3001a1fe3ee92253d4152,25,casjunior93
history/66/d05a1bf17ea3001a1fe3ee92253d4152,14,casjunior93
history/67/10f9e9f0f9a8001a1f349067f0846daf,32,casjunior93
history/67/20ae762655a8001a17b4d57717cb9e73,6,casjunior93
history/67/70e1cfc87dab001a14d0a17ccded11de,14,casjunior93
history/67/9035415f7da3001a1fe3ee92253d4152,4,casjunior93
history/67/b0a65385e6a7001a18c9b21879cf6d05,15,casjunior93
history/68/20616a4549a8001a17b4d57717cb9e73,10,casjunior93
history/68/60d337b857ac001a1f54be8c371d880b,41,casjunior93
history/69/80339dc55296001a148cb265b998e421,10,casjunior93
history/69/80a2167490a3001a1fe3ee92253d4152,12,casjunior93
history/69/901acd51e8a2001a18b789c28af3d0ae,88,casjunior93
history/69/d04d550beba9001a1dabe81517d27682,90,casjunior93
history/6a/00a7a851e8a7001a18c9b21879cf6d05,14,casjunior93
history/6a/10999a5d52ac001a1f54be8c371d880b,20,casjunior93
history/6a/80d08b9356ac001a1f54be8c371d880b,19,casjunior93
history/6a/b0cabdb35cac001a1f54be8c371d880b,104,casjunior93
history/6a/e06fe91115a9001a1f349067f0846daf,97,casjunior93
history/6b/500441388ea3001a1fe3ee92253d4152,0,casjunior93
history/6b/80cc57b151a8001a17b4d57717cb9e73,25,casjunior93
history/6b/e0d8d0dfe8a2001a18b789c28af3d0ae,89,casjunior93
history/6c/1037d2467ea3001a1fe3ee92253d4152,24,casjunior93
history/6c/409cf5b057ac001a1f54be8c371d880b,35,casjunior93
history/6c/8015f26a51ac001a1f54be8c371d880b,5,casjunior93
history/6c/8076f12946ac001a1f54be8c371d880b,10,casjunior93
history/6d/002823a148ac001a1f54be8c371d880b,12,casjunior93
history/6d/0091f51deaa7001a18c9b21879cf6d05,0,casjunior93
history/6d/00b50f8f94a3001a1fe3ee92253d4152,36,casjunior93
history/6d/40f44de594a3001a1fe3ee92253d4152,7,casjunior93
history/6d/505beb0c5c96001a148cb265b998e421,0,casjunior93
history/6d/50a93d98fe9a001a1ef3e31b31412697,7,casjunior93
history/6d/70027d5e5c96001a148cb265b998e421,9,casjunior93
history/6d/b02f972a51a8001a17b4d57717cb9e73,0,casjunior93
history/6e/203bd14477a3001a1fe3ee92253d4152,34,casjunior93
history/6e/5059344a1aa9001a1f349067f0846daf,9,casjunior93
history/6e/b0478dd691a3001a1fe3ee92253d4152,100,casjunior93
history/6f/207d6a294fac001a1f54be8c371d880b,0,casjunior93
history/6f/8098829516a9001a1f349067f0846daf,14,casjunior93
history/6f/d0759bdf5796001a148cb265b998e421,17,casjunior93
history/7/40078f6895a3001a1fe3ee92253d4152,36,casjunior93
history/7/b0e838f97ca3001a1fe3ee92253d4152,23,casjunior93
history/7/e09db95849a8001a17b4d57717cb9e73,10,casjunior93
history/70/3065b51496aa001a1ff5d2fbf4bfd931,16,casjunior93
history/71/70a30b9ff7a8001a1f349067f0846daf,31,casjunior93
history/71/d0462232eaa9001a1dabe81517d27682,90,casjunior93
history/72/107cc7f693a3001a1fe3ee92253d4152,32,casjunior93
history/72/10b302218ea3001a1fe3ee92253d4152,12,casjunior93
history/72/30abb6135096001a148cb265b998e421,10,casjunior93
history/72/501aad0780ab001a14d0a17ccded11de,44,casjunior93
history/72/80abc6c3eaa9001a1dabe81517d27682,35,casjunior93
history/72/c038308b009b001a1ef3e31b31412697,17,casjunior93
history/73/40a4ba496ea3001a1fe3ee92253d4152,17,casjunior93
history/73/50883a985996001a148cb265b998e421,25,casjunior93
history/73/70b267bae5a2001a18b789c28af3d0ae,84,casjunior93
history/73/b0abd0ca4e96001a148cb265b998e421,20,casjunior93
history/74/20349139f6a8001a1f349067f0846daf,31,casjunior93
history/74/70aecca77da3001a1fe3ee92253d4152,26,casjunior93
history/74/80bbc60348ac001a1f54be8c371d880b,35,casjunior93
history/74/907f2789eaa9001a1dabe81517d27682,30,casjunior93
history/74/a06ef33e7aa3001a1fe3ee92253d4152,13,casjunior93
history/74/a085f74ee9a9001a1dabe81517d27682,5,casjunior93
history/74/d0e149eb6aa3001a1fe3ee92253d4152,33,casjunior93
history/75/606b65825696001a148cb265b998e421,21,casjunior93
history/75/b05abb847aa3001a1fe3ee92253d4152,15,casjunior93
history/76/d005d0375cac001a1f54be8c371d880b,36,casjunior93
history/76/d0ca1ae296a3001a1fe3ee92253d4152,100,casjunior93
history/77/30859d518fa3001a1fe3ee92253d4152,21,casjunior93
history/77/3098c29ed6a9001a1dabe81517d27682,28,casjunior93
history/77/5080f43c5396001a148cb265b998e421,16,casjunior93
history/77/d0444fff70a8001a12a2df31a87bb444,39,casjunior93
history/77/d0b9110287a3001a1fe3ee92253d4152,28,casjunior93
history/78/504a1e0495a3001a1fe3ee92253d4152,36,casjunior93
history/78/e069754ed4a9001a1dabe81517d27682,18,casjunior93
history/79/e07423b45dac001a1f54be8c371d880b,114,casjunior93
history/7a/3059c309e8a7001a18c9b21879cf6d05,14,casjunior93
history/7a/701bb7f7fc9a001a1ef3e31b31412697,18,casjunior93
history/7a/a0ccb6ddf5a8001a1f349067f0846daf,6,casjunior93
history/7a/e0d37d984e96001a148cb265b998e421,17,casjunior93
history/7b/a0dc7f2181ab001a14d0a17ccded11de,56,casjunior93
history/7b/b09916e9fc9a001a1ef3e31b31412697,18,casjunior93
history/7b/d01623117fab001a14d0a17ccded11de,24,casjunior93
history/7b/d05380bd5296001a148cb265b998e421,10,casjunior93
history/7c/2029612d96aa001a1ff5d2fbf4bfd931,9,casjunior93
history/7c/400683487ca3001a1fe3ee92253d4152,17,casjunior93
history/7c/d04712157eab001a14d0a17ccded11de,16,casjunior93
history/7c/e0fea448eaa7001a18c9b21879cf6d05,13,casjunior93
history/7d/4001eaf219a9001a1f349067f0846daf,0,casjunior93
history/7d/4023c69de5a2001a18b789c28af3d0ae,84,casjunior93
history/7d/70cf18e451a8001a17b4d57717cb9e73,21,casjunior93
history/7d/90864176d7a9001a1dabe81517d27682,21,casjunior93
history/7e/10fed7bbf5a8001a1f349067f0846daf,31,casjunior93
history/7e/304c9863e4a2001a18b789c28af3d0ae,78,casjunior93
history/7e/500965c5d6a9001a1dabe81517d27682,20,casjunior93
history/7f/00a68a4bd4a9001a1dabe81517d27682,93,casjunior93
history/7f/30169e8e70a8001a12a2df31a87bb444,37,casjunior93
history/7f/3067af927aab001a14d0a17ccded11de,31,casjunior93
history/7f/50d145d255ac001a1f54be8c371d880b,0,casjunior93
history/7f/60ea24715696001a148cb265b998e421,21,casjunior93
history/7f/a0ffde0a4cac001a1f54be8c371d880b,40,casjunior93
history/8/807b277afe9a001a1ef3e31b31412697,27,casjunior93
history/8/b082569574a3001a1fe3ee92253d4152,33,casjunior93
history/80/b04d3d70d7a9001a1dabe81517d27682,21,casjunior93
history/80/d05227348da3001a1fe3ee92253d4152,4,casjunior93
history/80/d0b97f3856a8001a17b4d57717cb9e73,0,casjunior93
history/81/1067d31845ac001a1f54be8c371d880b,33,casjunior93
history/81/20df488e11a9001a1f349067f0846daf,9,casjunior93
history/81/30d05f9b6aa3001a1fe3ee92253d4152,27,casjunior93
history/81/40c0ec6659ac001a1f54be8c371d880b,58,casjunior93
history/81/a06e8623eaa7001a18c9b21879cf6d05,4,casjunior93
history/81/b05d0e146da3001a1fe3ee92253d4152,42,casjunior93
history/82/3003d4b387a3001a1fe3ee92253d4152,15,casjunior93
history/82/8049f3da5bac001a1f54be8c371d880b,30,casjunior93
history/82/90d7e4601ca9001a1f349067f0846daf,27,casjunior93
history/82/b00becac77ab001a14d0a17ccded11de,7,casjunior93
history/83/007e5db4019b001a1ef3e31b31412697,14,casjunior93
history/84/10d5753f7dab001a14d0a17ccded11de,7,casjunior93
history/84/10e0a74e1aa9001a1f349067f0846daf,15,casjunior93
history/84/4068ef456aa3001a1fe3ee92253d4152,4,casjunior93
history/84/b0714c8de8a7001a18c9b21879cf6d05,14,casjunior93
history/85/207a2bb054a8001a17b4d57717cb9e73,0,casjunior93
history/85/5055abad7dab001a14d0a17ccded11de,14,casjunior93
history/85/d035dc4c5896001a148cb265b998e421,18,casjunior93
history/85/e0728094019b001a1ef3e31b31412697,14,casjunior93
history/85/e09b750f92a3001a1fe3ee92253d4152,99,casjunior93
history/86/20a15fb76aa3001a1fe3ee92253d4152,30,casjunior93
history/86/a0a0f1a74d96001a148cb265b998e421,7,casjunior93
history/86/e00aa0be49a8001a17b4d57717cb9e73,4,casjunior93
history/86/e0f002ca4d96001a148cb265b998e421,9,casjunior93
history/87/103981d85796001a148cb265b998e421,17,casjunior93
history/87/30146d4e3fac001a1f54be8c371d880b,38,casjunior93
history/87/602ca06746ac001a1f54be8c371d880b,18,casjunior93
history/87/a05f831ee8a2001a18b789c28af3d0ae,14,casjunior93
history/88/3094d4b5d4a9001a1dabe81517d27682,18,casjunior93
history/88/b062e45d93a3001a1fe3ee92253d4152,27,casjunior93
history/88/e05798bcff9a001a1ef3e31b31412697,6,casjunior93
history/88/f0c09a737ea3001a1fe3ee92253d4152,27,casjunior93
history/89/50dca5285096001a148cb265b998e421,11,casjunior93
history/89/90ba756a4d96001a148cb265b998e421,0,casjunior93
history/89/90cbfd0f7aa3001a1fe3ee92253d4152,9,casjunior93
history/8a/70d879e95396001a148cb265b998e421,0,casjunior93
history/8a/80c2b30b51ac001a1f54be8c371d880b,11,casjunior93
history/8b/20576bac6da3001a1fe3ee92253d4152,0,casjunior93
history/8b/40dcd2fde7a7001a18c9b21879cf6d05,9,casjunior93
history/8b/40f1347170a8001a12a2df31a87bb444,37,casjunior93
history/8b/b0ece1a849ac001a1f54be8c371d880b,27,casjunior93
history/8c/3088cd66d7a9001a1dabe81517d27682,19,casjunior93
history/8c/f00bf5e35796001a148cb265b998e421,17,casjunior93
history/8c/f08ead16d6a9001a1dabe81517d27682,95,casjunior93
history/8c/f0e87b0269a3001a1fe3ee92253d4152,23,casjunior93
history/8d/30e2043e75a3001a1fe3ee92253d4152,23,casjunior93
history/8d/909f605049a8001a17b4d57717cb9e73,10,casjunior93
history/8d/90bbb7705496001a148cb265b998e421,10,casjunior93
history/8e/608e85705c96001a148cb265b998e421,10,casjunior93
history/8e/80964ed15096001a148cb265b998e421,18,casjunior93
history/8e/905e4a925796001a148cb265b998e421,16,casjunior93
history/8e/a091901b4dac001a1f54be8c371d880b,47,casjunior93
history/8e/c0b57dfd47a8001a17b4d57717cb9e73,13,casjunior93
history/8e/c0fd479d5c96001a148cb265b998e421,11,casjunior93
history/8f/0032224077a3001a1fe3ee92253d4152,25,casjunior93
history/8f/00b5c3041aa9001a1f349067f0846daf,4,casjunior93
history/8f/307ba83a51ac001a1f54be8c371d880b,13,casjunior93
history/8f/6061c50053ac001a1f54be8c371d880b,31,casjunior93
history/8f/8007d35c5296001a148cb265b998e421,0,casjunior93
history/8f/e0b96b7c1aa9001a1f349067f0846daf,17,casjunior93
history/9/1067e67ee9a2001a18b789c28af3d0ae,20,casjunior93
history/9/90b2cf01e9a2001a18b789c28af3d0ae,90,casjunior93
history/9/c02ede5a6ba3001a1fe3ee92253d4152,7,casjunior93
history/91/30dd9e975c96001a148cb265b998e421,11,casjunior93
history/91/5078c56293a3001a1fe3ee92253d4152,30,casjunior93
history/91/800bbe3c8fa3001a1fe3ee92253d4152,17,casjunior93
history/91/d07b3fc24d96001a148cb265b998e421,9,casjunior93
history/92/10534b3a4ba8001a17b4d57717cb9e73,25,casjunior93
history/92/20b306fd1aa9001a1f349067f0846daf,20,casjunior93
history/92/601d170f12a9001a1f349067f0846daf,9,casjunior93
history/92/a00bc64055ac001a1f54be8c371d880b,32,casjunior93
history/93/609a2ff2019b001a1ef3e31b31412697,30,casjunior93
history/93/e0d7d5643dac001a1f54be8c371d880b,10,casjunior93
history/93/e0efc3287eab001a14d0a17ccded11de,20,casjunior93
history/94/602bb27a7dab001a14d0a17ccded11de,9,casjunior93
history/94/60e71ac2d6a9001a1dabe81517d27682,95,casjunior93
history/94/70999761fd9a001a1ef3e31b31412697,19,casjunior93
history/94/9002c6de3eac001a1f54be8c371d880b,8,casjunior93
history/95/50abd7d45296001a148cb265b998e421,10,casjunior93
history/95/80b8fe3ee6a2001a18b789c28af3d0ae,23,casjunior93
history/96/3031461e5396001a148cb265b998e421,12,casjunior93
history/96/30ec01064dac001a1f54be8c371d880b,43,casjunior93
history/96/909ee38ad6a9001a1dabe81517d27682,18,casjunior93
history/96/c0dc767a51ac001a1f54be8c371d880b,16,casjunior93
history/97/003442f517a9001a1f349067f0846daf,14,casjunior93
history/97/808b763b5696001a148cb265b998e421,16,casjunior93
history/97/f027e86259ac001a1f54be8c371d880b,56,casjunior93
history/98/201b1992e9a2001a18b789c28af3d0ae,20,casjunior93
history/98/303afedc93a3001a1fe3ee92253d4152,31,casjunior93
history/98/603aff0071a3001a1fe3ee92253d4152,15,casjunior93
history/98/d0d06dc46fa3001a1fe3ee92253d4152,49,casjunior93
history/99/00c84fb41ba9001a1f349067f0846daf,15,casjunior93
history/99/405c630df9a8001a1f349067f0846daf,8,casjunior93
history/99/e05d900e96aa001a1ff5d2fbf4bfd931,28,casjunior93
history/9a/b06de5ef90a3001a1fe3ee92253d4152,22,casjunior93
history/9a/c00814d05296001a148cb265b998e421,10,casjunior93
history/9a/c0d617608ea3001a1fe3ee92253d4152,6,casjunior93
history/9b/400a570b56ac001a1f54be8c371d880b,5,casjunior93
history/9b/706376775796001a148cb265b998e421,17,casjunior93
history/9b/805c49cbe3a2001a18b789c28af3d0ae,0,casjunior93
history/9b/a021ba69019b001a1ef3e31b31412697,27,casjunior93
history/9b/b0df5af94aa8001a17b4d57717cb9e73,22,casjunior93
history/9c/00ce239b80ab001a14d0a17ccded11de,53,casjunior93
history/9c/102b68da5cac001a1f54be8c371d880b,111,casjunior93
history/9c/30755870e4a2001a18b789c28af3d0ae,78,casjunior93
history/9c/30adeffd12a9001a1f349067f0846daf,33,casjunior93
history/9c/503a686752a8001a17b4d57717cb9e73,30,casjunior93
history/9d/101ffd077da3001a1fe3ee92253d4152,0,casjunior93
history/9d/60344f085096001a148cb265b998e421,4,casjunior93
history/9d/70bd2de151a8001a17b4d57717cb9e73,22,casjunior93
history/9d/c073009655a8001a17b4d57717cb9e73,0,casjunior93
history/9e/80c46170f9a8001a1f349067f0846daf,31,casjunior93
history/9f/501f94631dad001a1358a359ea0b0d43,44,casjunior93
history/a/103a595f12a9001a1f349067f0846daf,18,casjunior93
history/a/4003ef785cac001a1f54be8c371d880b,36,casjunior93
history/a/60e90003039b001a1ef3e31b31412697,34,casjunior93
history/a/b010a54295a3001a1fe3ee92253d4152,16,casjunior93
history/a/d0b0d2f148a8001a17b4d57717cb9e73,18,casjunior93
history/a/e069f08c019b001a1ef3e31b31412697,10,casjunior93
history/a0/205c3cce96aa001a1ff5d2fbf4bfd931,10,casjunior93
history/a0/a0c314da5296001a148cb265b998e421,10,casjunior93
history/a0/d09404761dad001a1358a359ea0b0d43,45,casjunior93
history/a0/d0a6cf414ca8001a17b4d57717cb9e73,18,casjunior93
history/a1/00e1e9904cac001a1f54be8c371d880b,40,casjunior93
history/a1/309e1e5dd4a9001a1dabe81517d27682,17,casjunior93
history/a1/708d7e9077a3001a1fe3ee92253d4152,34,casjunior93
history/a1/70d8ca4a45ac001a1f54be8c371d880b,5,casjunior93
history/a2/3023cd17eba9001a1dabe81517d27682,36,casjunior93
history/a2/602703a6e0a2001a18b789c28af3d0ae,6,casjunior93
history/a2/90cb872355a8001a17b4d57717cb9e73,4,casjunior93
history/a2/e01d1139d6a9001a1dabe81517d27682,25,casjunior93
history/a3/60e865d315a9001a1f349067f0846daf,93,casjunior93
history/a4/109420c18fa3001a1fe3ee92253d4152,99,casjunior93
history/a4/2041ef1348a8001a17b4d57717cb9e73,13,casjunior93
history/a4/30c7c5dbe6a7001a18c9b21879cf6d05,13,casjunior93
history/a4/5075d0544c96001a148cb265b998e421,14,casjunior93
history/a4/60d224787da3001a1fe3ee92253d4152,19,casjunior93
history/a4/7052f9216aa3001a1fe3ee92253d4152,0,casjunior93
history/a5/1030e39cf5a8001a1f349067f0846daf,4,casjunior93
history/a5/201e9e1ee9a2001a18b789c28af3d0ae,90,casjunior93
history/a5/405c487a5dac001a1f54be8c371d880b,112,casjunior93
history/a5/40f8bc6bdda2001a18b789c28af3d0ae,7,casjunior93
history/a5/602b9659dca2001a18b789c28af3d0ae,7,casjunior93
history/a5/b0ed235c49ac001a1f54be8c371d880b,26,casjunior93
history/a6/10eafe4595a3001a1fe3ee92253d4152,36,casjunior93
history/a6/90551be8f9a8001a1f349067f0846daf,32,casjunior93
history/a6/909592da6ea8001a12a2df31a87bb444,29,casjunior93
history/a6/e0f447ce96aa001a1ff5d2fbf4bfd931,8,casjunior93
history/a6/f004a856e6a7001a18c9b21879cf6d05,13,casjunior93
history/a7/00e588e615a9001a1f349067f0846daf,27,casjunior93
history/a7/10a9ac78039b001a1ef3e31b31412697,22,casjunior93
history/a7/f062296070a8001a12a2df31a87bb444,36,casjunior93
history/a7/f06dfc585b96001a148cb265b998e421,21,casjunior93
history/a8/9028b3e9e3a2001a18b789c28af3d0ae,4,casjunior93
history/a8/906ec73057ac001a1f54be8c371d880b,29,casjunior93
history/a8/d01b66d2eaa9001a1dabe81517d27682,90,casjunior93
history/a8/e097e09e7da3001a1fe3ee92253d4152,23,casjunior93
history/a8/e09b85057fab001a14d0a17ccded11de,24,casjunior93
history/a9/209efdea6ea8001a12a2df31a87bb444,29,casjunior93
history/a9/30cc7582e5a2001a18b789c28af3d0ae,81,casjunior93
history/a9/6088ef23ff9a001a1ef3e31b31412697,8,casjunior93
history/a9/60fb2470dfa2001a18b789c28af3d0ae,70,casjunior93
history/a9/b0338b1fdda2001a18b789c28af3d0ae,50,casjunior93
history/aa/20bd361052ac001a1f54be8c371d880b,18,casjunior93
history/aa/803adb527da3001a1fe3ee92253d4152,1,casjunior93
history/aa/8051e8747fab001a14d0a17ccded11de,30,casjunior93
history/aa/e070bfa94f96001a148cb265b998e421,0,casjunior93
history/ab/60a0ad2b7da3001a1fe3ee92253d4152,4,casjunior93
history/ab/b06101fe86a3001a1fe3ee92253d4152,27,casjunior93
history/ab/b0c508341ca9001a1f349067f0846daf,22,casjunior93
history/ab/c09ef838d4a9001a1dabe81517d27682,5,casjunior93
history/ac/903684711ca9001a1f349067f0846daf,27,casjunior93
history/ac/a020f013049b001a1ef3e31b31412697,28,casjunior93
history/ad/8074c07d56a8001a17b4d57717cb9e73,12,casjunior93
history/ad/c0411362e5a7001a18c9b21879cf6d05,4,casjunior93
history/ad/d076353150ac001a1f54be8c371d880b,0,casjunior93
history/ae/108b62b912a9001a1f349067f0846daf,31,casjunior93
history/ae/10fbc520d7a9001a1dabe81517d27682,19,casjunior93
history/ae/40a968f974a8001a12a2df31a87bb444,30,casjunior93
history/ae/601f8fc249a8001a17b4d57717cb9e73,5,casjunior93
history/ae/902f52891aa9001a1f349067f0846daf,20,casjunior93
history/ae/903d452556a8001a17b4d57717cb9e73,27,casjunior93
history/ae/e0e6ad7196aa001a1ff5d2fbf4bfd931,76,casjunior93
history/af/e03484585496001a148cb265b998e421,9,casjunior93
history/af/f0a9153469a3001a1fe3ee92253d4152,23,casjunior93
history/b/000dcd6364a8001a12a2df31a87bb444,7,casjunior93
history/b/700f122896aa001a1ff5d2fbf4bfd931,10,casjunior93
history/b/b02a9a0815a9001a1f349067f0846daf,100,casjunior93
history/b/e0d7c35b3fac001a1f54be8c371d880b,14,casjunior93
history/b/f011fe474e96001a148cb265b998e421,17,casjunior93
history/b0/301935ad5b96001a148cb265b998e421,4,casjunior93
history/b0/d06e2bead3a9001a1dabe81517d27682,7,casjunior93
history/b0/f0e1704493a3001a1fe3ee92253d4152,7,casjunior93
history/b1/407ad18a93aa001a1ff5d2fbf4bfd931,18,casjunior93
history/b1/c06aee25e6a7001a18c9b21879cf6d05,13,casjunior93
history/b2/00b5af7380ab001a14d0a17ccded11de,53,casjunior93
history/b2/1016f8bf94aa001a1ff5d2fbf4bfd931,7,casjunior93
history/b2/8038801d6fa8001a12a2df31a87bb444,31,casjunior93
history/b2/a0b238ce96aa001a1ff5d2fbf4bfd931,14,casjunior93
history/b2/c0e12560e4a2001a18b789c28af3d0ae,77,casjunior93
history/b3/709a9c48eaa7001a18c9b21879cf6d05,9,casjunior93
history/b3/806858285dac001a1f54be8c371d880b,41,casjunior93
history/b3/a0a8f66180ab001a14d0a17ccded11de,52,casjunior93
history/b3/f023c6157dab001a14d0a17ccded11de,0,casjunior93
history/b4/202930aedfa2001a18b789c28af3d0ae,15,casjunior93
history/b4/90ffbc3a1aa9001a1f349067f0846daf,15,casjunior93
history/b4/a078c02d6ea3001a1fe3ee92253d4152,17,casjunior93
history/b4/b06679b84bac001a1f54be8c371d880b,35,casjunior93
history/b5/10f8a5181ca9001a1f349067f0846daf,16,casjunior93
history/b5/e06b85df47ac001a1f54be8c371d880b,34,casjunior93
history/b6/202124475896001a148cb265b998e421,18,casjunior93
history/b6/400bbe52dda2001a18b789c28af3d0ae,6,casjunior93
history/b6/70a2d90e70a3001a1fe3ee92253d4152,34,casjunior93
history/b6/802e3d254cac001a1f54be8c371d880b,40,casjunior93
history/b6/b07942d1f5a8001a1f349067f0846daf,4,casjunior93
history/b6/b0f00d884b96001a148cb265b998e421,6,casjunior93
history/b6/e0583bf06fa3001a1fe3ee92253d4152,33,casjunior93
history/b7/409b6bfed3a9001a1dabe81517d27682,17,casjunior93
history/b7/c0f01aba71a8001a12a2df31a87bb444,40,casjunior93
history/b7/d09ff0c196aa001a1ff5d2fbf4bfd931,16,casjunior93
history/b8/00dc70d6ff9a001a1ef3e31b31412697,17,casjunior93
history/b8/20aa31125696001a148cb265b998e421,14,casjunior93
history/b8/30207ae9d3a9001a1dabe81517d27682,18,casjunior93
history/b9/6048e2546da3001a1fe3ee92253d4152,42,casjunior93
history/b9/80b1d991d6a9001a1dabe81517d27682,15,casjunior93
history/b9/80caef3858ac001a1f54be8c371d880b,50,casjunior93
history/b9/b044ac238da3001a1fe3ee92253d4152,4,casjunior93
history/ba/30381faceaa9001a1dabe81517d27682,7,casjunior93
history/ba/a002f4924ba8001a17b4d57717cb9e73,24,casjunior93
history/ba/a067c67c75a3001a1fe3ee92253d4152,24,casjunior93
history/ba/b081461816a9001a1f349067f0846daf,9,casjunior93
history/ba/c050fbf75dac001a1f54be8c371d880b,44,casjunior93
history/bb/60e1393e77ab001a14d0a17ccded11de,5,casjunior93
history/bb/e02194c815a9001a1f349067f0846daf,92,casjunior93
history/bb/f0877de16ba3001a1fe3ee92253d4152,18,casjunior93
history/bc/302f3f7a15a9001a1f349067f0846daf,98,casjunior93
history/bc/5088cd06d6a9001a1dabe81517d27682,10,casjunior93
history/bc/50deccca5296001a148cb265b998e421,10,casjunior93
history/bc/6067b50a77ab001a14d0a17ccded11de,0,casjunior93
history/bc/8083ebac48ac001a1f54be8c371d880b,14,casjunior93
history/bd/60ef4f41d4a9001a1dabe81517d27682,7,casjunior93
history/bd/90d8e05d4cac001a1f54be8c371d880b,40,casjunior93
history/bd/e0976c704b96001a148cb265b998e421,4,casjunior93
history/be/60fc503dd4a9001a1dabe81517d27682,9,casjunior93
history/be/d0a7c4b2fc9a001a1ef3e31b31412697,16,casjunior93
history/bf/305a0e6653a8001a17b4d57717cb9e73,27,casjunior93
history/bf/6052dabce0a2001a18b789c28af3d0ae,17,casjunior93
history/bf/608462ead3a9001a1dabe81517d27682,5,casjunior93
history/bf/a017fc86e5a2001a18b789c28af3d0ae,84,casjunior93
history/bf/c03c4e65e8a2001a18b789c28af3d0ae,89,casjunior93
history/bf/d08a4d1869a3001a1fe3ee92253d4152,23,casjunior93
history/bf/f05308d152a8001a17b4d57717cb9e73,26,casjunior93
history/c0/108723e37ca3001a1fe3ee92253d4152,23,casjunior93
history/c0/70c92ed05bac001a1f54be8c371d880b,31,casjunior93
history/c0/803872aa68a3001a1fe3ee92253d4152,94,casjunior93
history/c0/909c5d8cfd9a001a1ef3e31b31412697,22,casjunior93
history/c1/202dabb05b96001a148cb265b998e421,49,casjunior93
history/c1/3005c16af5a8001a1f349067f0846daf,31,casjunior93
history/c1/30d3134f18a9001a1f349067f0846daf,27,casjunior93
history/c1/9020a0f2d5a9001a1dabe81517d27682,15,casjunior93
history/c1/a08030207eab001a14d0a17ccded11de,19,casjunior93
history/c2/30ad041948a8001a17b4d57717cb9e73,9,casjunior93
history/c3/50907b1af9a8001a1f349067f0846daf,31,casjunior93
history/c3/808329537eab001a14d0a17ccded11de,20,casjunior93
history/c3/a04a10855796001a148cb265b998e421,16,casjunior93
history/c3/c01ab05d7fab001a14d0a17ccded11de,27,casjunior93
history/c3/c0fc3548d4a9001a1dabe81517d27682,27,casjunior93
history/c4/50c1a43f5596001a148cb265b998e421,0,casjunior93
history/c4/80f4d5996da3001a1fe3ee92253d4152,47,casjunior93
history/c4/c0ba9d475496001a148cb265b998e421,4,casjunior93
history/c4/d06f9048e4a2001a18b789c28af3d0ae,9,casjunior93
history/c4/f0a13d1258ac001a1f54be8c371d880b,46,casjunior93
history/c5/20dd8b723eac001a1f54be8c371d880b,37,casjunior93
history/c5/40ebef0af9a8001a1f349067f0846daf,7,casjunior93
history/c5/60c330ce96aa001a1ff5d2fbf4bfd931,16,casjunior93
history/c5/d02aac48eaa7001a18c9b21879cf6d05,14,casjunior93
history/c5/d0503ebe44ac001a1f54be8c371d880b,7,casjunior93
history/c5/f07eb4315dac001a1f54be8c371d880b,44,casjunior93
history/c6/60d5dfa155ac001a1f54be8c371d880b,32,casjunior93
history/c6/7084a2295396001a148cb265b998e421,14,casjunior93
history/c6/e08e2e785bac001a1f54be8c371d880b,25,casjunior93
history/c7/509ad0fa4ba8001a17b4d57717cb9e73,23,casjunior93
history/c7/6022aba4e9a2001a18b789c28af3d0ae,20,casjunior93
history/c7/d07ccd061ca9001a1f349067f0846daf,21,casjunior93
history/c7/f06577ff4b96001a148cb265b998e421,11,casjunior93
history/c7/f0ff948bfe9a001a1ef3e31b31412697,7,casjunior93
history/c8/207af2bb4d96001a148cb265b998e421,9,casjunior93
history/c8/305a7c7417a9001a1f349067f0846daf,14,casjunior93
history/c8/80992be464a8001a12a2df31a87bb444,4,casjunior93
history/c8/90e7b668e8a7001a18c9b21879cf6d05,17,casjunior93
history/c8/e059497b5696001a148cb265b998e421,21,casjunior93
history/c9/106cec69dfa2001a18b789c28af3d0ae,66,casjunior93
history/c9/70227cc85096001a148cb265b998e421,14,casjunior93
history/c9/c0fa95b07da3001a1fe3ee92253d4152,27,casjunior93
history/c9/d07d626457ac001a1f54be8c371d880b,35,casjunior93
history/ca/001e8b7de5a7001a18c9b21879cf6d05,9,casjunior93
history/ca/209d565fdfa2001a18b789c28af3d0ae,10,casjunior93
history/ca/c05ce895009b001a1ef3e31b31412697,8,casjunior93
history/cb/40ba5a2294a3001a1fe3ee92253d4152,18,casjunior93
history/cb/8025c9d26aa3001a1fe3ee92253d4152,32,casjunior93
history/cb/8056d255e5a2001a18b789c28af3d0ae,10,casjunior93
history/cb/80717f8d49a8001a17b4d57717cb9e73,11,casjunior93
history/cb/9042753a009b001a1ef3e31b31412697,8,casjunior93
history/cb/90f1160a13a9001a1f349067f0846daf,34,casjunior93
history/cc/00068fc574a3001a1fe3ee92253d4152,17,casjunior93
history/cc/8056356bd4a9001a1dabe81517d27682,31,casjunior93
history/cc/a0adb2a4009b001a1ef3e31b31412697,8,casjunior93
history/cd/3014f03e15a9001a1f349067f0846daf,96,casjunior93
history/cd/901e2d2c5aac001a1f54be8c371d880b,63,casjunior93
history/cd/90fc05c296aa001a1ff5d2fbf4bfd931,10,casjunior93
history/cd/f04ca9d277ab001a14d0a17ccded11de,9,casjunior93
history/ce/006fe38311a9001a1f349067f0846daf,0,casjunior93
history/ce/20b20d914bac001a1f54be8c371d880b,35,casjunior93
history/ce/50d96bbce7a7001a18c9b21879cf6d05,27,casjunior93
history/ce/60e9abdc70a3001a1fe3ee92253d4152,4,casjunior93
history/ce/707d3b175696001a148cb265b998e421,16,casjunior93
history/ce/804f7ec1ff9a001a1ef3e31b31412697,7,casjunior93
history/ce/b057042a45ac001a1f54be8c371d880b,0,casjunior93
history/ce/c05243fed3a9001a1dabe81517d27682,18,casjunior93
history/ce/d0c0c4d8d6a9001a1dabe81517d27682,32,casjunior93
history/cf/a010554e4c96001a148cb265b998e421,11,casjunior93
history/cf/c00f2328dda2001a18b789c28af3d0ae,58,casjunior93
history/d/10e10d7169a3001a1fe3ee92253d4152,24,casjunior93
history/d/8031d01449ac001a1f54be8c371d880b,21,casjunior93
history/d/80eecef34b96001a148cb265b998e421,9,casjunior93
history/d/a08335ef1dad001a1358a359ea0b0d43,48,casjunior93
history/d0/10c783048ea3001a1fe3ee92253d4152,99,casjunior93
history/d0/3075e5008fa3001a1fe3ee92253d4152,11,casjunior93
history/d0/60aebb1b5696001a148cb265b998e421,16,casjunior93
history/d0/708eb24b47ac001a1f54be8c371d880b,27,casjunior93
history/d0/c0068c6f8fa3001a1fe3ee92253d4152,23,casjunior93
history/d0/c033b45512a9001a1f349067f0846daf,4,casjunior93
history/d1/b06a7afb70a3001a1fe3ee92253d4152,13,casjunior93
history/d2/10c5af8e70a3001a1fe3ee92253d4152,19,casjunior93
history/d2/402bbdfc6da3001a1fe3ee92253d4152,8,casjunior93
history/d2/40b0c3c2e0a2001a18b789c28af3d0ae,19,casjunior93
history/d2/80257d8a50ac001a1f54be8c371d880b,5,casjunior93
history/d2/902bd1fc17a9001a1f349067f0846daf,18,casjunior93
history/d3/60a535ce96aa001a1ff5d2fbf4bfd931,26,casjunior93
history/d3/7048c2495496001a148cb265b998e421,9,casjunior93
history/d3/a00b9b337da3001a1fe3ee92253d4152,6,casjunior93
history/d3/f01cd3f968a3001a1fe3ee92253d4152,23,casjunior93
history/d4/107472bc1ba9001a1f349067f0846daf,16,casjunior93
history/d4/607d2e20d4a9001a1dabe81517d27682,14,casjunior93
history/d4/70252afed3a9001a1dabe81517d27682,24,casjunior93
history/d4/a0f1cc6d71a8001a12a2df31a87bb444,40,casjunior93
history/d4/e04acef274a8001a12a2df31a87bb444,30,casjunior93
history/d5/3012439d5096001a148cb265b998e421,14,casjunior93
history/d6/6083b31587a3001a1fe3ee92253d4152,27,casjunior93
history/d6/f063414880ab001a14d0a17ccded11de,48,casjunior93
history/d7/20271d871aa9001a1f349067f0846daf,20,casjunior93
history/d7/8032fa0413a9001a1f349067f0846daf,34,casjunior93
history/d7/90f8dc7c57ac001a1f54be8c371d880b,35,casjunior93
history/d7/d0e2e85b7da3001a1fe3ee92253d4152,0,casjunior93
history/d8/006991a8e6a7001a18c9b21879cf6d05,10,casjunior93
history/d8/601baa7a5096001a148cb265b998e421,11,casjunior93
history/d8/b040b77c1ead001a1358a359ea0b0d43,50,casjunior93
history/d8/d0b4e123e9a9001a1dabe81517d27682,95,casjunior93
history/d9/60eedc876ca3001a1fe3ee92253d4152,33,casjunior93
history/d9/f0cbc641f6a8001a1f349067f0846daf,31,casjunior93
history/da/90c6f234d7a9001a1dabe81517d27682,32,casjunior93
history/db/0079fc9249a8001a17b4d57717cb9e73,14,casjunior93
history/db/3082b09dff9a001a1ef3e31b31412697,4,casjunior93
history/db/30eacd0fd6a9001a1dabe81517d27682,8,casjunior93
history/db/80c449174da8001a17b4d57717cb9e73,22,casjunior93
history/db/c064f55c019b001a1ef3e31b31412697,26,casjunior93
history/db/e0b9b5b4d8a9001a1dabe81517d27682,25,casjunior93
history/db/f0ecbd681ba9001a1f349067f0846daf,20,casjunior93
history/dc/107bdf9551a8001a17b4d57717cb9e73,21,casjunior93
history/dc/60c78b4149a8001a17b4d57717cb9e73,16,casjunior93
history/dc/b0b1f47780ab001a14d0a17ccded11de,53,casjunior93
history/dc/c00613f34da8001a17b4d57717cb9e73,22,casjunior93
history/dc/e04f41af12a9001a1f349067f0846daf,26,casjunior93
history/dd/40bb2e6b5696001a148cb265b998e421,20,casjunior93
history/dd/80516f71e6a2001a18b789c28af3d0ae,11,casjunior93
history/dd/80ad49a5e5a7001a18c9b21879cf6d05,9,casjunior93
history/dd/905fa4897aa3001a1fe3ee92253d4152,18,casjunior93
history/dd/d0fb920c18a9001a1f349067f0846daf,18,casjunior93
history/de/a0184a0c5dac001a1f54be8c371d880b,36,casjunior93
history/de/e07e193b71a3001a1fe3ee92253d4152,19,casjunior93
history/de/f07b40a65296001a148cb265b998e421,7,casjunior93
history/df/003d13c96fa3001a1fe3ee92253d4152,24,casjunior93
history/df/30165b39e6a2001a18b789c28af3d0ae,11,casjunior93
history/df/a03ee9235096001a148cb265b998e421,11,casjunior93
history/df/b091668b4ba8001a17b4d57717cb9e73,9,casjunior93
history/e/004700a63dac001a1f54be8c371d880b,95,casjunior93
history/e/601e3f815796001a148cb265b998e421,16,casjunior93
history/e/60da22565696001a148cb265b998e421,17,casjunior93
history/e/9024e2d3d6a9001a1dabe81517d27682,25,casjunior93
history/e0/40965aa094a3001a1fe3ee92253d4152,36,casjunior93
history/e0/605723a715a9001a1f349067f0846daf,98,casjunior93
history/e0/70340f6256ac001a1f54be8c371d880b,9,casjunior93
history/e0/7035cf6be8a9001a1dabe81517d27682,29,casjunior93
history/e0/70640fc412a9001a1f349067f0846daf,39,casjunior93
history/e1/00ece9485cac001a1f54be8c371d880b,36,casjunior93
history/e1/504ddabb3dac001a1f54be8c371d880b,95,casjunior93
history/e1/60ac1170dda2001a18b789c28af3d0ae,10,casjunior93
history/e1/b0acfd7afd9a001a1ef3e31b31412697,19,casjunior93
history/e1/c097326887a3001a1fe3ee92253d4152,25,casjunior93
history/e1/e0dd36efd5a9001a1dabe81517d27682,15,casjunior93
history/e1/f00ee90155ac001a1f54be8c371d880b,32,casjunior93
history/e2/70fcaff748ac001a1f54be8c371d880b,15,casjunior93
history/e2/e036ebb45296001a148cb265b998e421,9,casjunior93
history/e3/10e08df647ac001a1f54be8c371d880b,35,casjunior93
history/e3/500e27214ca8001a17b4d57717cb9e73,23,casjunior93
history/e3/90f5dbf33eac001a1f54be8c371d880b,15,casjunior93
history/e4/b0c8df1213a9001a1f349067f0846daf,34,casjunior93
history/e4/d0d218385c96001a148cb265b998e421,4,casjunior93
history/e4/e0cf920ce5a2001a18b789c28af3d0ae,81,casjunior93
history/e5/10bf39568ea3001a1fe3ee92253d4152,4,casjunior93
history/e5/c0d251fe75ab001a14d0a17ccded11de,7,casjunior93
history/e5/f0cde4ca5dac001a1f54be8c371d880b,114,casjunior93
history/e6/008ae68316a9001a1f349067f0846daf,14,casjunior93
history/e6/60b2090d4dac001a1f54be8c371d880b,46,casjunior93
history/e6/802faaf515a9001a1f349067f0846daf,0,casjunior93
history/e7/507766db5a96001a148cb265b998e421,0,casjunior93
history/e7/7023ebd8029b001a1ef3e31b31412697,30,casjunior93
history/e7/70bad1c9fd9a001a1ef3e31b31412697,23,casjunior93
history/e7/90949a481ca9001a1f349067f0846daf,18,casjunior93
history/e7/e071929c6ca3001a1fe3ee92253d4152,34,casjunior93
history/e8/1020ce2295a3001a1fe3ee92253d4152,19,casjunior93
history/e8/5002dadc4b96001a148cb265b998e421,6,casjunior93
history/e8/50cd93394c96001a148cb265b998e421,11,casjunior93
history/e8/50e0440a3dac001a1f54be8c371d880b,29,casjunior93
history/e8/6008227148ac001a1f54be8c371d880b,9,casjunior93
history/e8/b0ccbdb273a8001a12a2df31a87bb444,39,casjunior93
history/e8/f0c8f75771a3001a1fe3ee92253d4152,16,casjunior93
history/e9/30b3492ad6a9001a1dabe81517d27682,18,casjunior93
history/e9/c01305e78ca3001a1fe3ee92253d4152,95,casjunior93
history/e9/c0b7a8f3ff9a001a1ef3e31b31412697,7,casjunior93
history/e9/d0cf6c9e51a8001a17b4d57717cb9e73,26,casjunior93
history/ea/10f36f5f96aa001a1ff5d2fbf4bfd931,28,casjunior93
history/ea/200c521be6a7001a18c9b21879cf6d05,13,casjunior93
history/ea/3056bb0996aa001a1ff5d2fbf4bfd931,76,casjunior93
history/eb/50cb17a7e9a9001a1dabe81517d27682,0,casjunior93
history/eb/708fdd42dda2001a18b789c28af3d0ae,4,casjunior93
history/eb/c05a332c47ac001a1f54be8c371d880b,21,casjunior93
history/ec/4092abf2d5a9001a1dabe81517d27682,15,casjunior93
history/ec/806ed0ca5796001a148cb265b998e421,16,casjunior93
history/ec/b0632da4e5a2001a18b789c28af3d0ae,84,casjunior93
history/ec/c0750adb6da3001a1fe3ee92253d4152,6,casjunior93
history/ed/1039f86c7dab001a14d0a17ccded11de,8,casjunior93
history/ed/208080b274a8001a12a2df31a87bb444,30,casjunior93
history/ed/300df84f7ca3001a1fe3ee92253d4152,10,casjunior93
history/ed/500276b6eaa9001a1dabe81517d27682,33,casjunior93
history/ed/50a30e6d74a8001a12a2df31a87bb444,30,casjunior93
history/ed/904e442457ac001a1f54be8c371d880b,29,casjunior93
history/ed/e082ce4c6fa8001a12a2df31a87bb444,32,casjunior93
history/ed/f09b1ff74bac001a1f54be8c371d880b,40,casjunior93
history/ee/40d42415fd9a001a1ef3e31b31412697,6,casjunior93
history/ee/d0e2e04881ab001a14d0a17ccded11de,69,casjunior93
history/ee/e0053fafd6a9001a1dabe81517d27682,10,casjunior93
history/ef/806214f14ba8001a17b4d57717cb9e73,19,casjunior93
history/ef/80708538e5a7001a18c9b21879cf6d05,0,casjunior93
history/ef/c0ffc819d6a9001a1dabe81517d27682,20,casjunior93
history/ef/e06fae627da3001a1fe3ee92253d4152,6,casjunior93
history/ef/e0ff90f159ac001a1f54be8c371d880b,58,casjunior93
history/f/103a12b159ac001a1f54be8c371d880b,58,casjunior93
history/f/503cb41c95a3001a1fe3ee92253d4152,19,casjunior93
history/f/8095cd48eaa7001a18c9b21879cf6d05,18,casjunior93
history/f/900d24db4e96001a148cb265b998e421,20,casjunior93
history/f/b02e1e8df9a8001a1f349067f0846daf,32,casjunior93
history/f0/305bea0ce4a2001a18b789c28af3d0ae,74,casjunior93
history/f0/60bdc3536da8001a12a2df31a87bb444,24,casjunior93
history/f0/90045bf251a8001a17b4d57717cb9e73,21,casjunior93
history/f0/90b0571a5aac001a1f54be8c371d880b,61,casjunior93
history/f1/1028ccebe4a2001a18b789c28af3d0ae,84,casjunior93
history/f1/10ff4a2112a9001a1f349067f0846daf,17,casjunior93
history/f1/90fc36aee5a7001a18c9b21879cf6d05,0,casjunior93
history/f1/c0dac899e1a2001a18b789c28af3d0ae,21,casjunior93
history/f1/e07e2dd347a8001a17b4d57717cb9e73,13,casjunior93
history/f1/f023cda2d6a9001a1dabe81517d27682,7,casjunior93
history/f1/f0fdb8e9d3a9001a1dabe81517d27682,93,casjunior93
history/f2/a0a33db751ac001a1f54be8c371d880b,20,casjunior93
history/f2/e0b99ca5dfa2001a18b789c28af3d0ae,6,casjunior93
history/f3/10a641936ca3001a1fe3ee92253d4152,34,casjunior93
history/f3/c02693d949a8001a17b4d57717cb9e73,5,casjunior93
history/f4/201f6a13e6a7001a18c9b21879cf6d05,9,casjunior93
history/f4/9081e4d4fd9a001a1ef3e31b31412697,27,casjunior93
history/f5/405dd1fc54a8001a17b4d57717cb9e73,5,casjunior93
history/f5/602643bb1ca9001a1f349067f0846daf,30,casjunior93
history/f5/70c6938a6ba3001a1fe3ee92253d4152,8,casjunior93
history/f5/a0837b1a96aa001a1ff5d2fbf4bfd931,26,casjunior93
history/f5/b044bef094a3001a1fe3ee92253d4152,26,casjunior93
history/f5/d0f1662b7dab001a14d0a17ccded11de,5,casjunior93
history/f6/206a031a039b001a1ef3e31b31412697,37,casjunior93
history/f6/60c12a87e8a2001a18b789c28af3d0ae,14,casjunior93
history/f6/f0d444db94a3001a1fe3ee92253d4152,7,casjunior93
history/f7/100019af51a8001a17b4d57717cb9e73,25,casjunior93
history/f7/203d138769a3001a1fe3ee92253d4152,25,casjunior93
history/f7/30e67a7be6a7001a18c9b21879cf6d05,0,casjunior93
history/f7/50fed82e52ac001a1f54be8c371d880b,22,casjunior93
history/f8/7097a5c354a8001a17b4d57717cb9e73,4,casjunior93
history/f8/e09e857c59ac001a1f54be8c371d880b,58,casjunior93
history/f9/9055742069a3001a1fe3ee92253d4152,23,casjunior93
history/f9/905d5a665b96001a148cb265b998e421,17,casjunior93
history/f9/f0c847fa14a9001a1f349067f0846daf,7,casjunior93
history/fa/706916cb56ac001a1f54be8c371d880b,22,casjunior93
history/fb/009d19c214a9001a1f349067f0846daf,100,casjunior93
history/fc/00b7aa8f5cac001a1f54be8c371d880b,100,casjunior93
history/fc/3070a7d7f5a8001a1f349067f0846daf,4,casjunior93
history/fc/90d4cc2d49ac001a1f54be8c371d880b,23,casjunior93
history/fc/d0fccf3ee5a2001a18b789c28af3d0ae,9,casjunior93
history/fd/4025ddaf84ab001a14d0a17ccded11de,0,casjunior93
history/fd/f003ebde52a8001a17b4d57717cb9e73,18,casjunior93
history/fd/f0ee6a8c5b96001a148cb265b998e421,0,casjunior93
history/fe/100d3c0972a8001a12a2df31a87bb444,4,casjunior93
history/fe/e0d7aa9fdca2001a18b789c28af3d0ae,50,casjunior93
history/ff/10b24e76e9a2001a18b789c28af3d0ae,18,casjunior93
history/ff/203ac2a468a3001a1fe3ee92253d4152,23,casjunior93
history/ff/30c67afd7ea3001a1fe3ee92253d4152,18,casjunior93
html,22788,casjunior93
ico,0,casjunior93
index,44,casjunior93
ini,2,casjunior93
ino,25,casjunior93
intro/introstate,2,casjunior93
ipynb,31598,casjunior93
jQuery/servidor/node_modules/consign/LICENSE,22,casjunior93
jQuery/servidor/node_modules/express/LICENSE,24,casjunior93
jQuery/servidor/node_modules/express/node_modules/accepts/LICENSE,23,casjunior93
jQuery/servidor/node_modules/express/node_modules/accepts/node_modules/negotiator/LICENSE,24,casjunior93
jQuery/servidor/node_modules/express/node_modules/cookie/LICENSE,24,casjunior93
jQuery/servidor/node_modules/express/node_modules/debug/Makefile,36,casjunior93
jQuery/servidor/node_modules/express/node_modules/debug/node_modules/ms/LICENSE,20,casjunior93
jQuery/servidor/node_modules/express/node_modules/depd/LICENSE,22,casjunior93
jQuery/servidor/node_modules/express/node_modules/encodeurl/LICENSE,22,casjunior93
jQuery/servidor/node_modules/express/node_modules/etag/LICENSE,22,casjunior93
jQuery/servidor/node_modules/express/node_modules/finalhandler/LICENSE,22,casjunior93
jQuery/servidor/node_modules/express/node_modules/finalhandler/node_modules/statuses/LICENSE,23,casjunior93
jQuery/servidor/node_modules/express/node_modules/finalhandler/node_modules/unpipe/LICENSE,22,casjunior93
jQuery/servidor/node_modules/express/node_modules/fresh/LICENSE,22,casjunior93
jQuery/servidor/node_modules/express/node_modules/methods/LICENSE,24,casjunior93
jQuery/servidor/node_modules/express/node_modules/parseurl/LICENSE,24,casjunior93
jQuery/servidor/node_modules/express/node_modules/qs/LICENSE,28,casjunior93
jQuery/servidor/node_modules/express/node_modules/send/LICENSE,23,casjunior93
jQuery/servidor/node_modules/express/node_modules/send/node_modules/destroy/LICENSE,22,casjunior93
jQuery/servidor/node_modules/express/node_modules/send/node_modules/mime/LICENSE,19,casjunior93
jQuery/servidor/node_modules/express/node_modules/send/node_modules/ms/LICENSE,20,casjunior93
jQuery/servidor/node_modules/express/node_modules/send/node_modules/statuses/LICENSE,23,casjunior93
jQuery/servidor/node_modules/express/node_modules/vary/LICENSE,22,casjunior93
jQuery/servidor/node_modules/nedb/LICENSE,22,casjunior93
jQuery/servidor/node_modules/nedb/node_modules/async/LICENSE,19,casjunior93
jQuery/servidor/node_modules/nedb/node_modules/localforage/LICENSE,13,casjunior93
jQuery/servidor/node_modules/nedb/node_modules/localforage/node_modules/lie/AUTHORS,7,casjunior93
jQuery/servidor/node_modules/nedb/node_modules/localforage/node_modules/lie/node_modules/es3ify/LICENSE,21,casjunior93
jQuery/servidor/node_modules/nedb/node_modules/localforage/node_modules/lie/node_modules/es3ify/node_modules/jstransform/LICENSE,201,casjunior93
jQuery/servidor/node_modules/nedb/node_modules/localforage/node_modules/lie/node_modules/es3ify/node_modules/jstransform/node_modules/base62/LICENSE,20,casjunior93
jQuery/servidor/node_modules/nedb/node_modules/mkdirp/LICENSE,21,casjunior93
jQuery/servidor/node_modules/nedb/node_modules/mkdirp/node_modules/minimist/LICENSE,18,casjunior93
jQuery/servidor/node_modules/nedb/node_modules/underscore/CNAME,1,casjunior93
jQuery/servidor/node_modules/nedb/node_modules/underscore/LICENSE,22,casjunior93
jQuery/servidor/node_modules/nedb/test_lac/openFdsTestFile,1,casjunior93
jQuery/servidor/node_modules/nedb/test_lac/openFdsTestFile2,1,casjunior93
jar,0,casjunior93
java,2785,casjunior93
jpeg,0,casjunior93
jpg,0,casjunior93
js,226237,casjunior93
js/Cakefile,18,casjunior93
js/LICENSE,19,casjunior93
jscsrc,31,casjunior93
jshintrc,140,casjunior93
jsm,65,casjunior93
json,39704,casjunior93
keep,0,casjunior93
launch,561,casjunior93
less,266,casjunior93
location,0,casjunior93
lock,128,casjunior93
log,80,casjunior93
map,1,casjunior93
markdown,359,casjunior93
markers,0,casjunior93
md,24331,casjunior93
npmignore,195,casjunior93
opts,2,casjunior93
otf,0,casjunior93
patch,1208,casjunior93
pdf,266,casjunior93
php,7022,casjunior93
png,0,casjunior93
pptx,0,casjunior93
prefs,207,casjunior93
prisma,35,casjunior93
project,238,casjunior93
properties,23,casjunior93
py,1890,casjunior93
pyc,0,casjunior93
rb,10,casjunior93
resources,0,casjunior93
scss,292,casjunior93
setup,6,casjunior93
sh,10,casjunior93
snap,0,casjunior93
sql,4554,casjunior93
svg,801,casjunior93
taskListIndex/segments_1,0,casjunior93
toml,3,casjunior93
tree,0,casjunior93
ts,130,casjunior93
ttf,0,casjunior93
txt,745,casjunior93
version,2,casjunior93
woff,0,casjunior93
woff2,0,casjunior93
xlsx,0,casjunior93
xmi,3384,casjunior93
xml,119,casjunior93
yml,246,casjunior93
zip,0,casjunior93
Api/Dockerfile,40,axelvillanueva
Api/artisan,53,axelvillanueva
Dockerfile,76,axelvillanueva
artisan,159,axelvillanueva
backend/Dockerfile,40,axelvillanueva
backend/artisan,53,axelvillanueva
conf,113,axelvillanueva
config,140,axelvillanueva
css,0,axelvillanueva
editorconfig,88,axelvillanueva
example,243,axelvillanueva
front,2,axelvillanueva
gitattributes,25,axelvillanueva
gitignore,304,axelvillanueva
htaccess,105,axelvillanueva
ico,0,axelvillanueva
ini,4,axelvillanueva
js,313,axelvillanueva
json,388,axelvillanueva
lock,32609,axelvillanueva
md,664,axelvillanueva
php,15224,axelvillanueva
png,0,axelvillanueva
scss,21,axelvillanueva
sh,12,axelvillanueva
svg,1,axelvillanueva
txt,10,axelvillanueva
vue,535,axelvillanueva
webp,0,axelvillanueva
xml,152,axelvillanueva
yml,296,axelvillanueva
Dockerfile,31,souzaonofre
artisan,53,souzaonofre
config,28,souzaonofre
css,10834,souzaonofre
docker/Dockerfile,31,souzaonofre
editorconfig,15,souzaonofre
env,55,souzaonofre
example,98,souzaonofre
gitattributes,5,souzaonofre
gitignore,35,souzaonofre
htaccess,21,souzaonofre
ico,0,souzaonofre
js,20957,souzaonofre
json,90,souzaonofre
md,11,souzaonofre
php,4029,souzaonofre
scss,27,souzaonofre
sh,26,souzaonofre
txt,13,souzaonofre
vue,134,souzaonofre
xml,31,souzaonofre
yml,100,souzaonofre
0,347,MarceloHBoff
LICENSE,169,MarceloHBoff
MD,14,MarceloHBoff
bat,800,MarceloHBoff
browserslistrc,6,MarceloHBoff
buckconfig,48,MarceloHBoff
bzl,152,MarceloHBoff
cs,978,MarceloHBoff
csproj,40,MarceloHBoff
css,1217,MarceloHBoff
editorconfig,180,MarceloHBoff
env,1,MarceloHBoff
eslintignore,8,MarceloHBoff
example,37,MarceloHBoff
flowconfig,545,MarceloHBoff
frontend/public/_redirects,1,MarceloHBoff
gif,0,MarceloHBoff
gitattributes,8,MarceloHBoff
gitignore,801,MarceloHBoff
gitkeep,0,MarceloHBoff
gobarber/android/app/BUCK,55,MarceloHBoff
gobarber/android/gradlew,188,MarceloHBoff
gobarber/ios/Podfile,104,MarceloHBoff
gradle,2099,MarceloHBoff
h,85,MarceloHBoff
hbs,97,MarceloHBoff
html,8830,MarceloHBoff
ico,0,MarceloHBoff
info,2738,MarceloHBoff
jar,0,MarceloHBoff
java,1025,MarceloHBoff
jpg,0,MarceloHBoff
js,14280,MarceloHBoff
json,2686,MarceloHBoff
keystore,0,MarceloHBoff
lock,79870,MarceloHBoff
m,1046,MarceloHBoff
md,120,MarceloHBoff
meetapp/android/app/BUCK,55,MarceloHBoff
meetapp/android/gradlew,188,MarceloHBoff
meetapp/ios/Podfile,48,MarceloHBoff
mobile/android/app/BUCK,110,MarceloHBoff
mobile/android/gradlew,376,MarceloHBoff
mobile/ios/Podfile,210,MarceloHBoff
pbxproj,5980,MarceloHBoff
plist,1300,MarceloHBoff
png,0,MarceloHBoff
prettierrc,33,MarceloHBoff
pro,80,MarceloHBoff
properties,243,MarceloHBoff
public/_redirects,1,MarceloHBoff
sequelizerc,16,MarceloHBoff
sqlite,0,MarceloHBoff
svg,120,MarceloHBoff
ts,12157,MarceloHBoff
tsx,5668,MarceloHBoff
ttf,0,MarceloHBoff
txt,9,MarceloHBoff
vue,699,MarceloHBoff
waller/android/app/BUCK,110,MarceloHBoff
waller/android/gradlew,376,MarceloHBoff
waller/ios/Podfile,59,MarceloHBoff
walller/android/app/BUCK,55,MarceloHBoff
walller/android/gradlew,188,MarceloHBoff
walller/ios/Podfile,57,MarceloHBoff
watchmanconfig,8,MarceloHBoff
xcscheme,1654,MarceloHBoff
xib,336,MarceloHBoff
xml,808,MarceloHBoff
DrowsinessDectetor/incremental_db/README,11,yenng
DrowsinessDetector/incremental_db/README,11,yenng
GhinY,2664,yenng
HiddenLayer/incremental_db/README,11,yenng
HiddenLayer/work/_info,32,yenng
HiddenLayer/work/_temp/vlog29ymk9,0,yenng
HiddenLayer/work/_temp/vlog3qg7x3,0,yenng
HiddenLayer/work/_temp/vlog7hy7i6,0,yenng
HiddenLayer/work/_temp/vlog9gzjnv,0,yenng
HiddenLayer/work/_temp/vlogatjgsm,0,yenng
HiddenLayer/work/_temp/vlogcnjxvy,0,yenng
HiddenLayer/work/_temp/vlogd7dk9c,0,yenng
HiddenLayer/work/_temp/vlogeyf479,0,yenng
HiddenLayer/work/_temp/vlogieg1ag,0,yenng
HiddenLayer/work/_temp/vlogir38ki,0,yenng
HiddenLayer/work/_temp/vlogiyd6r2,0,yenng
HiddenLayer/work/_temp/vlogk6aghz,0,yenng
HiddenLayer/work/_temp/vlogrh7gy3,0,yenng
HiddenLayer/work/_temp/vlogswnxkb,0,yenng
HiddenLayer/work/_temp/vlogw2vabw,0,yenng
HiddenLayer/work/_temp/vlogwtwmmj,0,yenng
HiddenLayer/work/_temp/vlogx8jg0a,0,yenng
HiddenLayer/work/_temp/vlogy8j3mz,0,yenng
HiddenLayer/work/_vmake,3,yenng
Hidden_Layer/incremental_db/README,11,yenng
Hidden_Layer_Old/incremental_db/README,11,yenng
JPG,0,yenng
LFSR/incremental_db/README,11,yenng
PNG,0,yenng
WeightInitiallize/incremental_db/README,11,yenng
WeightInitiallize/work/_info,14,yenng
WeightInitiallize/work/_temp/vlog32x9b6,0,yenng
WeightInitiallize/work/_temp/vlog3ta4tb,0,yenng
WeightInitiallize/work/_temp/vlog7x2ss2,0,yenng
WeightInitiallize/work/_temp/vlog82w3dm,0,yenng
WeightInitiallize/work/_temp/vlogdwecex,0,yenng
WeightInitiallize/work/_temp/vlogi76inj,0,yenng
WeightInitiallize/work/_temp/vlogiy4g3z,0,yenng
WeightInitiallize/work/_temp/vlogjtyitc,0,yenng
WeightInitiallize/work/_temp/vlogk0k085,0,yenng
WeightInitiallize/work/_temp/vlogq3k5ad,0,yenng
WeightInitiallize/work/_temp/vlogw26s28,0,yenng
WeightInitiallize/work/_temp/vlogwed5ad,0,yenng
WeightInitiallize/work/_vmake,3,yenng
Yen,102,yenng
ammdb,0,yenng
bak,2162,yenng
bpm,0,yenng
build/test/dependencies/force_build,0,yenng
c,15415,yenng
cbp,0,yenng
ccd,0,yenng
cdb,0,yenng
cdf,30,yenng
chn,34,yenng
chnYen,6,yenng
coproj,96,yenng
css,3417,yenng
csv,1233,yenng
dat,0,yenng
db_info,54,yenng
dbgconf,41,yenng
dbs,0,yenng
ddb,0,yenng
dfp,0,yenng
doc,0,yenng
docx,0,yenng
done,17,yenng
doxygen/Doxyfile,2357,yenng
doxygen/assets/images/placeholder,0,yenng
dpi,0,yenng
ecobp,0,yenng
erb,416,yenng
fail,23,yenng
gitignore,14,yenng
h,42730,yenng
hb_info,0,yenng
hdb,0,yenng
hier_info,33017,yenng
hif,9883,yenng
hsd,0,yenng
html,1130,yenng
idb,0,yenng
incremental_db/README,22,yenng
info,48,yenng
ini,2,yenng
ipinfo,0,yenng
jdi,33,yenng
jpg,0,yenng
js,55,yenng
kpt,0,yenng
ld,186,yenng
lnk,0,yenng
log,19,yenng
logdb,490,yenng
md,28,yenng
mpf,2377,yenng
mti,219,yenng
o,0,yenng
out,0,yenng
pass,135,yenng
pdf,38460,yenng
pin,4886,yenng
png,0,yenng
pof,0,yenng
ppt,0,yenng
prw,0,yenng
psm,0,yenng
py,791,yenng
qmsg,3225,yenng
qpf,252,yenng
qsf,1320,yenng
qws,77,yenng
rake,3412,yenng
rar,0,yenng
rb,37480,yenng
rcfdb,0,yenng
rdb,0,yenng
rpt,126541,yenng
rvd,0,yenng
s,655,yenng
sci,0,yenng
sdr,0,yenng
sig,2,yenng
smsg,43,yenng
sof,0,yenng
summary,930,yenng
sv,1911,yenng
syn_hier_info,0,yenng
tdb,0,yenng
tdf,5353,yenng
tmp,0,yenng
tmw_info,40,yenng
txt,208,yenng
uvoptx,60,yenng
uvprojx,631,yenng
v,514,yenng
vhd,277,yenng
welcome,1,yenng
wlf,0,yenng
work/_info,97,yenng
work/_temp/vlog26hrxe,0,yenng
work/_temp/vlog5iyrv0,0,yenng
work/_vmake,3,yenng
xlsx,0,yenng
xml,322,yenng
yml,2431,yenng
zip,0,yenng
cfg,11,EduPras
html,561,EduPras
json,5,EduPras
md,28,EduPras
py,137,EduPras
pyc,0,EduPras
txt,25,EduPras
LeroLero/test,1,marcolinolucas
MF,2,marcolinolucas
Procfile,1,marcolinolucas
android/app/BUCK,55,marcolinolucas
android/gradlew,188,marcolinolucas
bat,100,marcolinolucas
browserslistrc,3,marcolinolucas
buckconfig,6,marcolinolucas
bzl,19,marcolinolucas
class,0,marcolinolucas
cmd,182,marcolinolucas
css,39,marcolinolucas
flowconfig,74,marcolinolucas
gitattributes,1,marcolinolucas
gitignore,109,marcolinolucas
gradle,266,marcolinolucas
h,8,marcolinolucas
html,417,marcolinolucas
ico,0,marcolinolucas
ios/Podfile,81,marcolinolucas
jar,0,marcolinolucas
java,527,marcolinolucas
js,1067,marcolinolucas
json,675,marcolinolucas
jsp,328,marcolinolucas
keystore,0,marcolinolucas
lock,22453,marcolinolucas
m,132,marcolinolucas
md,446,marcolinolucas
mvnw,310,marcolinolucas
pbxproj,948,marcolinolucas
plist,158,marcolinolucas
png,0,marcolinolucas
pro,10,marcolinolucas
properties,43,marcolinolucas
vue,1852,marcolinolucas
war,0,marcolinolucas
watchmanconfig,1,marcolinolucas
xcscheme,176,marcolinolucas
xcworkspacedata,10,marcolinolucas
xib,42,marcolinolucas
xml,254,marcolinolucas
yml,2,marcolinolucas
md,12,thaisacs
sh,2,thaisacs
yml,12,thaisacs
0,0,EladioRocha
DS_Store,0,EladioRocha
LICENSE,674,EladioRocha
bat,0,EladioRocha
cbp,43,EladioRocha
checkpoint,2,EladioRocha
cpp,28,EladioRocha
css,22924,EladioRocha
depend,2,EladioRocha
ejs,99,EladioRocha
eot,0,EladioRocha
eslintcache,2,EladioRocha
exe,0,EladioRocha
fnt,48192,EladioRocha
gif,0,EladioRocha
gitignore,160,EladioRocha
gitignore~,2,EladioRocha
html,22828,EladioRocha
ico,0,EladioRocha
index,0,EladioRocha
jpg,0,EladioRocha
js,25003,EladioRocha
json,7911,EladioRocha
layout,10,EladioRocha
map,2,EladioRocha
md,130,EladioRocha
meta,0,EladioRocha
mp3,0,EladioRocha
mp4,0,EladioRocha
o,0,EladioRocha
otf,0,EladioRocha
pde,442,EladioRocha
pdf,0,EladioRocha
pickle,0,EladioRocha
png,0,EladioRocha
py,407,EladioRocha
pyc,0,EladioRocha
rs,197,EladioRocha
svg,12174,EladioRocha
toml,20,EladioRocha
ttf,0,EladioRocha
txt,208,EladioRocha
txtg,0,EladioRocha
un~,0,EladioRocha
webm,0,EladioRocha
woff,0,EladioRocha
woff2,0,EladioRocha
LICENSE,661,LeonardoASCouto
gitignore,129,LeonardoASCouto
md,2,LeonardoASCouto
